FlightID,RouteCode,Origin,Destination,FlightDate,FlightDurationMins,AircraftType,SeatsAvailable,SeatsSold,Revenue,OperationalCost
FL00001,DEL-BOM,DEL,BOM,2025-10-09,107,Boeing 737,105,53,606055,39449
FL00002,HYD-BOM,HYD,BOM,2025-01-31,68,Boeing 737,129,104,305136,34654
FL00003,GOI-HYD,GOI,HYD,2025-08-14,159,Boeing 787,141,40,204600,73890
FL00004,CCU-MAA,CCU,MAA,2025-06-09,100,Airbus A321,96,45,392580,30816
FL00005,CCU-MAA,CCU,MAA,2025-02-14,231,ATR 72,207,71,617771,78087
FL00006,MAA-HYD,MAA,HYD,2026-08-15,94,Airbus A320,81,54,391014,24419
FL00007,DEL-PNQ,DEL,PNQ,2025-10-12,161,Airbus A321,111,87,723840,44281
FL00008,DEL-BLR,DEL,BLR,2026-07-01,231,Boeing 737,111,99,862884,70632
FL00009,GOI-BLR,GOI,BLR,2026-12-03,128,Airbus A320,128,44,337392,47360
FL00010,DEL-MAA,DEL,MAA,2026-08-04,228,Airbus A321,124,123,1313517,80644
FL00011,PNQ-AMD,PNQ,AMD,2025-09-29,80,Boeing 737,213,177,1204308,61777
FL00012,JAI-HYD,JAI,HYD,2026-01-06,101,Boeing 737,200,166,662174,34932
FL00013,AMD-BLR,AMD,BLR,2026-11-28,153,Boeing 787,86,64,560128,58730
FL00014,GOI-MAA,GOI,MAA,2026-07-21,47,Airbus A320,207,108,871884,39041
FL00015,HYD-AMD,HYD,AMD,2026-04-10,45,Airbus A321,198,85,919445,54135
FL00016,MAA-JAI,MAA,JAI,2026-09-16,95,Boeing 737,165,137,705002,59985
FL00017,BOM-HYD,BOM,HYD,2026-05-16,49,Airbus A320,162,152,1145776,24097
FL00018,BLR-DEL,BLR,DEL,2025-03-29,232,ATR 72,87,74,337440,56840
FL00019,PNQ-JAI,PNQ,JAI,2025-06-19,112,Boeing 787,178,94,1065490,56470
FL00020,MAA-PNQ,MAA,PNQ,2026-11-19,211,Airbus A321,182,172,1702284,57676
FL00021,BLR-DEL,BLR,DEL,2025-12-13,50,Boeing 787,211,98,598584,26728
FL00022,BOM-MAA,BOM,MAA,2025-03-11,53,Airbus A321,88,72,460728,28075
FL00023,BLR-JAI,BLR,JAI,2025-05-16,230,Boeing 787,217,161,1043441,95358
FL00024,BLR-DEL,BLR,DEL,2025-04-10,213,ATR 72,160,94,868090,65787
FL00025,DEL-BOM,DEL,BOM,2026-02-17,231,Airbus A321,97,55,310145,59857
FL00026,PNQ-AMD,PNQ,AMD,2026-03-09,91,Airbus A321,188,103,384705,62563
FL00027,DEL-BOM,DEL,BOM,2026-10-30,183,Airbus A320,93,88,560736,46758
FL00028,PNQ-GOI,PNQ,GOI,2025-08-07,147,Airbus A320,112,88,223080,48657
FL00029,PNQ-MAA,PNQ,MAA,2026-03-10,223,Boeing 787,194,79,443269,69675
FL00030,BOM-JAI,BOM,JAI,2025-03-04,236,Airbus A321,84,43,443373,76588
FL00031,AMD-BOM,AMD,BOM,2026-06-05,65,Boeing 737,87,78,281814,31160
FL00032,HYD-DEL,HYD,DEL,2026-08-07,108,Boeing 787,80,79,303597,44356
FL00033,JAI-GOI,JAI,GOI,2025-11-20,111,Boeing 737,150,70,479570,41481
FL00034,MAA-GOI,MAA,GOI,2025-11-20,237,Airbus A320,72,69,808956,41421
FL00035,GOI-BLR,GOI,BLR,2026-06-03,112,Boeing 737,159,152,551304,48050
FL00036,MAA-AMD,MAA,AMD,2026-03-25,184,Airbus A321,205,42,486612,87109
FL00037,DEL-BLR,DEL,BLR,2025-09-28,74,Airbus A320,211,79,549998,63582
FL00038,BLR-HYD,BLR,HYD,2025-07-28,220,Airbus A321,199,165,1091310,49757
FL00039,HYD-MAA,HYD,MAA,2025-02-15,45,Airbus A321,103,73,375731,33248
FL00040,HYD-JAI,HYD,JAI,2025-01-10,73,Airbus A320,108,44,376156,43505
FL00041,AMD-PNQ,AMD,PNQ,2025-05-11,55,Airbus A321,163,155,488715,33284
FL00042,BLR-DEL,BLR,DEL,2025-12-29,188,ATR 72,109,70,361340,51185
FL00043,BOM-BLR,BOM,BLR,2025-12-07,150,Boeing 737,138,60,256260,44832
FL00044,PNQ-BLR,PNQ,BLR,2025-07-24,162,Airbus A321,148,145,903060,41402
FL00045,BLR-PNQ,BLR,PNQ,2025-12-03,116,Airbus A320,141,84,911064,56349
FL00046,CCU-BOM,CCU,BOM,2025-04-29,111,Boeing 737,218,107,334482,66893
FL00047,HYD-CCU,HYD,CCU,2025-11-18,156,Boeing 787,200,69,607959,67252
FL00048,MAA-BOM,MAA,BOM,2026-12-27,156,Airbus A320,203,177,1013856,71798
FL00049,DEL-HYD,DEL,HYD,2026-10-01,125,Airbus A320,146,104,786968,63114
FL00050,CCU-PNQ,CCU,PNQ,2026-12-15,120,Boeing 787,102,52,488176,52854
FL00051,AMD-CCU,AMD,CCU,2026-02-20,185,Airbus A320,147,76,451668,76066
FL00052,JAI-CCU,JAI,CCU,2026-04-22,158,ATR 72,124,105,1076460,56506
FL00053,DEL-CCU,DEL,CCU,2026-06-12,214,Boeing 787,155,51,323748,87133
FL00054,BLR-MAA,BLR,MAA,2025-05-31,51,Airbus A320,132,100,369300,36588
FL00055,JAI-BLR,JAI,BLR,2026-12-15,143,ATR 72,172,102,501534,54973
FL00056,DEL-PNQ,DEL,PNQ,2025-08-13,90,Boeing 787,188,52,604864,37338
FL00057,PNQ-AMD,PNQ,AMD,2026-04-21,215,Boeing 787,213,192,1478016,100363
FL00058,GOI-HYD,GOI,HYD,2026-07-16,159,Boeing 737,191,155,1045630,75510
FL00059,MAA-JAI,MAA,JAI,2026-05-12,205,Boeing 737,140,96,361824,59165
FL00060,MAA-HYD,MAA,HYD,2025-11-24,183,Airbus A320,105,59,370992,52389
FL00061,BLR-DEL,BLR,DEL,2026-03-01,149,Airbus A321,208,159,1480608,47571
FL00062,HYD-PNQ,HYD,PNQ,2026-08-22,223,Airbus A320,217,137,1413018,63873
FL00063,MAA-PNQ,MAA,PNQ,2026-03-06,182,Boeing 787,126,102,621690,58464
FL00064,PNQ-BOM,PNQ,BOM,2026-02-03,131,ATR 72,112,99,454509,60741
FL00065,BOM-PNQ,BOM,PNQ,2026-08-30,189,Airbus A320,91,81,771282,47124
FL00066,AMD-BOM,AMD,BOM,2025-09-24,142,Airbus A321,124,98,769790,51200
FL00067,MAA-PNQ,MAA,PNQ,2025-09-16,65,ATR 72,74,74,248122,23723
FL00068,DEL-BOM,DEL,BOM,2025-02-01,108,Boeing 737,75,49,313992,31491
FL00069,DEL-MAA,DEL,MAA,2026-04-22,224,Airbus A321,164,61,266936,62140
FL00070,DEL-BOM,DEL,BOM,2025-11-16,192,ATR 72,171,90,337050,93072
FL00071,BLR-DEL,BLR,DEL,2026-12-15,122,Boeing 787,100,90,1059480,32660
FL00072,GOI-HYD,GOI,HYD,2026-11-09,139,Airbus A320,199,127,343789,72348
FL00073,DEL-PNQ,DEL,PNQ,2026-01-06,207,ATR 72,109,95,511575,79185
FL00074,MAA-JAI,MAA,JAI,2026-05-11,164,ATR 72,138,81,528282,44126
FL00075,PNQ-BLR,PNQ,BLR,2026-04-21,190,Boeing 787,167,126,374220,73961
FL00076,AMD-GOI,AMD,GOI,2025-08-06,135,Airbus A321,157,75,526950,48244
FL00077,GOI-BLR,GOI,BLR,2025-03-29,106,ATR 72,195,182,1171534,70571
FL00078,PNQ-GOI,PNQ,GOI,2025-01-18,68,Airbus A321,126,91,590226,44838
FL00079,JAI-CCU,JAI,CCU,2026-04-30,186,Boeing 787,158,94,1082598,64804
FL00080,PNQ-MAA,PNQ,MAA,2025-11-10,109,Boeing 737,100,86,486330,32800
FL00081,GOI-AMD,GOI,AMD,2025-07-16,100,ATR 72,140,132,1464540,48480
FL00082,DEL-MAA,DEL,MAA,2025-10-31,103,Airbus A321,115,78,213018,39248
FL00083,MAA-BOM,MAA,BOM,2025-02-25,186,Airbus A321,102,80,843360,35622
FL00084,JAI-MAA,JAI,MAA,2026-04-26,167,ATR 72,157,63,210483,62442
FL00085,DEL-AMD,DEL,AMD,2026-02-15,170,Airbus A320,217,201,678978,52466
FL00086,JAI-MAA,JAI,MAA,2025-03-29,108,Airbus A320,212,146,904762,64848
FL00087,PNQ-GOI,PNQ,GOI,2025-11-01,195,ATR 72,148,112,390432,69360
FL00088,BLR-MAA,BLR,MAA,2025-09-28,214,Airbus A320,110,70,374290,66744
FL00089,AMD-BOM,AMD,BOM,2026-02-23,160,Boeing 787,190,114,345876,57710
FL00090,MAA-GOI,MAA,GOI,2025-03-14,220,Boeing 737,137,120,688920,65093
FL00091,GOI-BLR,GOI,BLR,2026-10-26,83,Airbus A321,106,49,170373,30194
FL00092,JAI-MAA,JAI,MAA,2026-03-26,76,ATR 72,147,129,1173126,44940
FL00093,GOI-PNQ,GOI,PNQ,2026-03-25,65,Boeing 787,80,67,521260,29330
FL00094,BOM-AMD,BOM,AMD,2025-08-23,217,Boeing 787,220,45,311175,77739
FL00095,AMD-GOI,AMD,GOI,2026-06-16,211,ATR 72,141,63,607383,88407
FL00096,DEL-GOI,DEL,GOI,2025-12-23,149,Airbus A321,152,125,526625,48917
FL00097,HYD-GOI,HYD,GOI,2025-10-23,214,ATR 72,210,49,487599,63988
FL00098,MAA-HYD,MAA,HYD,2025-04-29,148,Boeing 787,70,61,694729,48174
FL00099,BOM-MAA,BOM,MAA,2026-06-15,137,Boeing 787,197,153,511785,52720
FL00100,GOI-AMD,GOI,AMD,2025-10-22,157,ATR 72,101,41,263220,41179
FL00101,GOI-BOM,GOI,BOM,2026-07-20,149,Airbus A320,127,54,543240,53465
FL00102,AMD-GOI,AMD,GOI,2025-10-26,175,Airbus A321,176,163,1668468,66346
FL00103,GOI-AMD,GOI,AMD,2026-01-28,93,Boeing 787,200,74,269582,54870
FL00104,CCU-JAI,CCU,JAI,2025-10-01,45,Airbus A321,146,115,1210030,35434
FL00105,GOI-PNQ,GOI,PNQ,2025-12-20,130,Boeing 787,209,136,1354560,53012
FL00106,BLR-PNQ,BLR,PNQ,2025-08-28,150,Airbus A320,151,135,1383615,71727
FL00107,HYD-AMD,HYD,AMD,2026-05-23,54,Boeing 737,198,191,1516349,45846
FL00108,DEL-JAI,DEL,JAI,2026-04-13,48,Boeing 737,174,79,294275,37098
FL00109,CCU-PNQ,CCU,PNQ,2026-10-28,65,Airbus A321,206,137,1053256,60224
FL00110,GOI-BOM,GOI,BOM,2026-09-25,62,Boeing 737,143,69,274620,29337
FL00111,DEL-GOI,DEL,GOI,2025-06-20,222,Airbus A321,77,42,328188,41683
FL00112,CCU-HYD,CCU,HYD,2026-03-18,82,Boeing 737,205,145,1706940,49938
FL00113,AMD-BLR,AMD,BLR,2025-03-22,201,ATR 72,131,103,498932,61917
FL00114,MAA-GOI,MAA,GOI,2025-09-19,215,Airbus A320,189,113,1294415,52922
FL00115,PNQ-CCU,PNQ,CCU,2026-08-25,121,ATR 72,134,98,730002,44422
FL00116,PNQ-DEL,PNQ,DEL,2025-08-31,142,Boeing 787,161,113,830211,67413
FL00117,BOM-PNQ,BOM,PNQ,2025-10-09,47,Boeing 787,82,78,829764,20387
FL00118,JAI-CCU,JAI,CCU,2025-08-13,207,Boeing 737,134,126,597240,71896
FL00119,BOM-CCU,BOM,CCU,2026-03-28,53,Boeing 787,163,133,618849,32844
FL00120,CCU-PNQ,CCU,PNQ,2025-06-29,96,Boeing 737,208,133,1489201,54800
FL00121,AMD-CCU,AMD,CCU,2026-05-09,120,Airbus A321,99,69,257577,32283
FL00122,HYD-JAI,HYD,JAI,2026-01-10,68,ATR 72,73,56,632296,24576
FL00123,CCU-MAA,CCU,MAA,2026-08-22,142,Airbus A321,97,83,525390,42422
FL00124,JAI-GOI,JAI,GOI,2025-12-02,201,Boeing 737,86,80,808480,73601
FL00125,HYD-DEL,HYD,DEL,2025-05-24,56,Airbus A320,147,103,453406,28644
FL00126,GOI-AMD,GOI,AMD,2026-02-02,161,Airbus A321,208,147,739557,87762
FL00127,DEL-GOI,DEL,GOI,2026-09-23,149,Airbus A321,78,63,381717,49771
FL00128,BLR-HYD,BLR,HYD,2025-04-12,220,Airbus A321,209,205,1717080,67529
FL00129,MAA-BLR,MAA,BLR,2025-05-06,161,Airbus A320,124,122,347578,41712
FL00130,BLR-AMD,BLR,AMD,2026-08-02,97,Airbus A320,211,93,561534,51967
FL00131,AMD-BOM,AMD,BOM,2025-10-11,82,Boeing 737,208,104,557232,63928
FL00132,BOM-BLR,BOM,BLR,2025-01-16,136,Boeing 737,220,122,336476,54644
FL00133,BOM-BLR,BOM,BLR,2026-03-08,179,Airbus A320,86,70,689080,56094
FL00134,JAI-DEL,JAI,DEL,2026-04-08,173,Boeing 737,81,73,543193,60765
FL00135,BOM-DEL,BOM,DEL,2026-05-06,147,ATR 72,97,71,693457,29986
FL00136,CCU-AMD,CCU,AMD,2025-03-09,77,Airbus A321,219,180,1408860,67517
FL00137,GOI-MAA,GOI,MAA,2026-04-10,174,Boeing 787,180,65,284310,94218
FL00138,GOI-BLR,GOI,BLR,2026-03-17,160,Boeing 737,175,126,1251180,68070
FL00139,DEL-HYD,DEL,HYD,2026-03-14,125,Airbus A321,165,162,810000,70040
FL00140,DEL-AMD,DEL,AMD,2025-03-29,68,ATR 72,94,87,748635,31272
FL00141,BOM-JAI,BOM,JAI,2026-07-30,129,Airbus A320,175,130,1225770,43932
FL00142,JAI-MAA,JAI,MAA,2025-12-27,71,Boeing 787,199,94,473290,60845
FL00143,BLR-DEL,BLR,DEL,2025-12-25,187,Airbus A321,99,88,621632,63305
FL00144,HYD-JAI,HYD,JAI,2026-09-29,202,Boeing 787,76,57,169518,44856
FL00145,MAA-HYD,MAA,HYD,2025-12-26,46,Boeing 737,106,91,331240,32828
FL00146,BOM-AMD,BOM,AMD,2026-06-28,100,ATR 72,177,156,1261260,46798
FL00147,MAA-HYD,MAA,HYD,2026-08-05,197,Airbus A320,83,49,248871,62402
FL00148,DEL-CCU,DEL,CCU,2026-03-30,214,ATR 72,194,153,1420605,66636
FL00149,GOI-DEL,GOI,DEL,2025-12-20,155,Airbus A320,142,126,1319472,74870
FL00150,MAA-BOM,MAA,BOM,2025-08-14,146,Boeing 787,84,40,233960,40018
FL00151,AMD-CCU,AMD,CCU,2025-10-24,128,Airbus A320,71,71,678405,29015
FL00152,HYD-JAI,HYD,JAI,2026-12-22,103,Boeing 787,213,211,1751722,52767
FL00153,BOM-PNQ,BOM,PNQ,2025-01-20,162,Airbus A320,150,113,1077229,70542
FL00154,HYD-MAA,HYD,MAA,2025-04-28,148,Airbus A320,153,61,612318,70124
FL00155,DEL-PNQ,DEL,PNQ,2025-04-19,107,ATR 72,220,142,1573928,54800
FL00156,MAA-HYD,MAA,HYD,2025-08-15,130,Boeing 737,89,72,314496,51840
FL00157,BLR-HYD,BLR,HYD,2025-12-26,231,Boeing 737,130,53,259647,59635
FL00158,AMD-BLR,AMD,BLR,2026-11-03,64,Boeing 737,196,158,1854288,55176
FL00159,JAI-CCU,JAI,CCU,2026-10-05,125,Boeing 737,182,57,580374,72987
FL00160,MAA-CCU,MAA,CCU,2026-08-29,59,Airbus A321,199,58,439930,52847
FL00161,BOM-DEL,BOM,DEL,2026-01-13,118,Airbus A320,93,79,853753,44138
FL00162,JAI-GOI,JAI,GOI,2025-02-12,160,Boeing 787,118,81,833652,53604
FL00163,BOM-GOI,BOM,GOI,2025-04-16,132,Airbus A320,199,84,263844,62364
FL00164,PNQ-JAI,PNQ,JAI,2026-06-20,201,Boeing 737,163,87,620658,74011
FL00165,CCU-BOM,CCU,BOM,2026-10-09,210,Airbus A321,86,61,246928,70328
FL00166,MAA-CCU,MAA,CCU,2026-11-04,199,Boeing 737,155,50,240850,66236
FL00167,HYD-AMD,HYD,AMD,2026-09-02,226,Airbus A320,149,111,962481,88620
FL00168,AMD-JAI,AMD,JAI,2025-04-06,210,ATR 72,200,132,369336,76320
FL00169,AMD-MAA,AMD,MAA,2025-12-16,169,Boeing 737,127,57,287166,43176
FL00170,DEL-JAI,DEL,JAI,2026-07-07,234,Boeing 787,79,61,283467,77552
FL00171,AMD-BLR,AMD,BLR,2025-07-05,222,Boeing 787,112,96,308640,69326
FL00172,BLR-GOI,BLR,GOI,2026-09-18,117,ATR 72,129,108,693144,49083
FL00173,BLR-HYD,BLR,HYD,2026-11-26,191,ATR 72,188,112,980672,87788
FL00174,HYD-AMD,HYD,AMD,2025-07-24,199,Boeing 737,134,46,477158,72399
FL00175,DEL-JAI,DEL,JAI,2025-05-08,117,Airbus A320,111,74,729714,42354
FL00176,HYD-DEL,HYD,DEL,2025-08-16,160,Airbus A321,76,66,222552,51168
FL00177,CCU-BLR,CCU,BLR,2026-01-31,65,Airbus A321,127,43,332003,40667
FL00178,CCU-AMD,CCU,AMD,2025-05-21,54,Airbus A321,190,75,763875,57666
FL00179,BOM-AMD,BOM,AMD,2025-01-20,110,Boeing 737,108,107,1009438,32804
FL00180,BLR-CCU,BLR,CCU,2025-05-05,57,Boeing 737,177,157,554053,45075
FL00181,JAI-GOI,JAI,GOI,2025-01-17,206,Boeing 787,217,101,490052,80977
FL00182,BOM-HYD,BOM,HYD,2025-09-04,191,ATR 72,117,50,553800,51841
FL00183,GOI-JAI,GOI,JAI,2026-06-04,174,Boeing 787,75,64,652928,40944
FL00184,HYD-CCU,HYD,CCU,2025-09-17,236,Airbus A320,161,140,504840,71789
FL00185,DEL-HYD,DEL,HYD,2025-05-17,56,Airbus A321,209,126,676368,57902
FL00186,PNQ-AMD,PNQ,AMD,2025-05-19,61,ATR 72,79,58,336516,18340
FL00187,BOM-HYD,BOM,HYD,2025-11-14,176,ATR 72,209,161,1070650,73909
FL00188,BLR-CCU,BLR,CCU,2026-01-01,57,Airbus A321,139,55,469095,38465
FL00189,PNQ-HYD,PNQ,HYD,2025-12-14,92,ATR 72,197,134,1474938,37193
FL00190,HYD-DEL,HYD,DEL,2026-03-17,199,Boeing 737,209,115,892630,49954
FL00191,CCU-MAA,CCU,MAA,2025-11-10,159,Boeing 787,179,82,801304,67957
FL00192,BOM-HYD,BOM,HYD,2026-09-22,156,Airbus A321,84,44,402820,50952
FL00193,AMD-BOM,AMD,BOM,2025-05-27,200,ATR 72,78,48,172848,55110
FL00194,CCU-HYD,CCU,HYD,2026-01-28,190,Airbus A320,109,97,831969,61887
FL00195,DEL-BLR,DEL,BLR,2026-06-27,138,ATR 72,150,123,869118,41604
FL00196,BOM-BLR,BOM,BLR,2026-05-27,177,ATR 72,213,70,475160,74244
FL00197,BLR-CCU,BLR,CCU,2026-12-12,170,Boeing 737,101,48,178224,52474
FL00198,PNQ-DEL,PNQ,DEL,2026-11-30,126,Airbus A321,86,75,853650,37860
FL00199,AMD-BLR,AMD,BLR,2026-01-06,175,Boeing 737,101,52,248300,52306
FL00200,BOM-HYD,BOM,HYD,2026-07-22,191,Airbus A321,189,181,837306,71994
FL00201,DEL-CCU,DEL,CCU,2026-02-12,228,ATR 72,204,145,1335160,80868
FL00202,AMD-HYD,AMD,HYD,2026-10-20,63,ATR 72,189,172,1400768,51345
FL00203,JAI-AMD,JAI,AMD,2025-05-13,155,Boeing 787,84,47,516436,37833
FL00204,AMD-BLR,AMD,BLR,2025-11-27,226,Boeing 737,158,106,758218,54392
FL00205,BLR-JAI,BLR,JAI,2025-10-09,77,Airbus A321,206,63,676242,47206
FL00206,JAI-AMD,JAI,AMD,2025-06-25,213,Boeing 787,156,147,1724898,41262
FL00207,DEL-BOM,DEL,BOM,2026-10-19,192,Airbus A321,123,113,1053725,83265
FL00208,BOM-GOI,BOM,GOI,2026-10-05,184,Airbus A321,147,101,657712,81181
FL00209,MAA-GOI,MAA,GOI,2025-03-16,221,Airbus A320,110,96,893664,75483
FL00210,BLR-HYD,BLR,HYD,2026-09-14,81,Airbus A321,151,133,1085014,35045
FL00211,CCU-JAI,CCU,JAI,2026-07-30,72,Airbus A321,131,99,446193,39081
FL00212,BLR-AMD,BLR,AMD,2025-04-10,57,Airbus A321,168,147,965349,36504
FL00213,JAI-CCU,JAI,CCU,2025-07-14,240,Boeing 737,197,171,1735308,90406
FL00214,PNQ-BOM,PNQ,BOM,2025-04-03,145,Boeing 787,187,101,608424,70795
FL00215,BOM-DEL,BOM,DEL,2025-10-16,171,Boeing 787,190,113,1276109,41192
FL00216,HYD-AMD,HYD,AMD,2025-09-28,231,Airbus A321,173,133,431053,67371
FL00217,JAI-GOI,JAI,GOI,2025-07-19,137,Boeing 787,143,49,432621,61998
FL00218,GOI-MAA,GOI,MAA,2026-10-01,219,Boeing 787,100,48,196032,65680
FL00219,CCU-JAI,CCU,JAI,2026-01-10,238,Boeing 737,120,117,1268397,77796
FL00220,BOM-DEL,BOM,DEL,2025-02-09,80,Airbus A321,191,172,1717764,57525
FL00221,GOI-AMD,GOI,AMD,2025-12-02,201,Airbus A321,111,90,666180,72897
FL00222,GOI-JAI,GOI,JAI,2026-06-30,170,Boeing 787,146,100,277200,60324
FL00223,DEL-PNQ,DEL,PNQ,2026-08-21,123,Airbus A320,191,107,1281539,59199
FL00224,BOM-GOI,BOM,GOI,2025-06-24,179,Boeing 787,167,77,498036,60654
FL00225,DEL-MAA,DEL,MAA,2025-01-20,157,Airbus A321,177,78,722670,69836
FL00226,HYD-JAI,HYD,JAI,2026-09-19,165,Airbus A320,105,66,771474,59640
FL00227,PNQ-JAI,PNQ,JAI,2026-01-21,125,Boeing 737,187,176,1427008,64165
FL00228,MAA-GOI,MAA,GOI,2025-07-16,108,Airbus A321,212,116,717344,53604
FL00229,BLR-GOI,BLR,GOI,2025-11-21,167,Airbus A321,213,110,793650,73355
FL00230,GOI-HYD,GOI,HYD,2026-02-09,133,Boeing 737,144,45,324540,42812
FL00231,PNQ-MAA,PNQ,MAA,2026-05-06,99,Boeing 737,207,109,1276172,60345
FL00232,AMD-DEL,AMD,DEL,2026-09-23,234,Boeing 787,131,71,236501,96259
FL00233,BLR-MAA,BLR,MAA,2025-02-23,70,ATR 72,154,131,1341309,27860
FL00234,BOM-JAI,BOM,JAI,2025-06-11,149,ATR 72,192,91,655746,59474
FL00235,BOM-AMD,BOM,AMD,2026-10-30,191,Boeing 737,206,49,263032,68916
FL00236,BOM-PNQ,BOM,PNQ,2026-05-23,92,Airbus A321,79,40,295520,42866
FL00237,DEL-HYD,DEL,HYD,2025-10-19,161,Boeing 787,204,166,779868,80685
FL00238,MAA-BLR,MAA,BLR,2025-04-26,129,Boeing 737,187,105,582750,46909
FL00239,MAA-BLR,MAA,BLR,2025-06-29,201,ATR 72,179,171,1346112,61120
FL00240,DEL-BLR,DEL,BLR,2025-05-24,167,Airbus A321,133,40,270880,55026
FL00241,PNQ-MAA,PNQ,MAA,2025-12-04,122,Boeing 787,216,42,284970,72166
FL00242,BLR-BOM,BLR,BOM,2026-11-15,75,ATR 72,148,60,548520,52909
FL00243,MAA-DEL,MAA,DEL,2026-10-17,120,Airbus A321,126,68,318784,44034
FL00244,PNQ-CCU,PNQ,CCU,2026-03-02,224,Boeing 787,190,177,1075806,85072
FL00245,DEL-JAI,DEL,JAI,2026-04-03,180,Airbus A321,89,76,329688,43880
FL00246,GOI-BLR,GOI,BLR,2026-08-10,182,Boeing 737,112,81,893025,54614
FL00247,BLR-GOI,BLR,GOI,2025-04-04,175,ATR 72,84,69,321609,59549
FL00248,PNQ-BOM,PNQ,BOM,2026-07-27,163,Airbus A321,75,65,433485,29685
FL00249,JAI-DEL,JAI,DEL,2025-02-16,153,Airbus A321,86,74,258038,38161
FL00250,BOM-CCU,BOM,CCU,2026-02-23,91,Boeing 737,177,135,1183410,52446
FL00251,HYD-DEL,HYD,DEL,2026-12-01,214,Boeing 787,104,84,373212,57878
FL00252,HYD-JAI,HYD,JAI,2025-05-11,231,Boeing 737,70,64,183808,59136
FL00253,GOI-HYD,GOI,HYD,2026-06-29,142,Boeing 737,133,98,800758,42528
FL00254,BLR-DEL,BLR,DEL,2025-02-02,214,ATR 72,74,55,323180,37088
FL00255,JAI-BOM,JAI,BOM,2026-04-03,198,Airbus A320,132,45,409050,64284
FL00256,GOI-BLR,GOI,BLR,2025-02-27,80,Boeing 787,144,69,823722,48768
FL00257,JAI-CCU,JAI,CCU,2025-08-31,122,Boeing 737,203,96,890400,54362
FL00258,BOM-JAI,BOM,JAI,2026-08-29,233,Boeing 737,179,166,542488,92140
FL00259,HYD-JAI,HYD,JAI,2025-11-23,223,ATR 72,174,78,578214,70266
FL00260,GOI-PNQ,GOI,PNQ,2025-09-04,102,Airbus A321,106,99,340956,46436
FL00261,HYD-JAI,HYD,JAI,2026-06-27,79,ATR 72,132,72,419832,48456
FL00262,DEL-GOI,DEL,GOI,2026-01-15,68,Boeing 787,118,46,317308,42300
FL00263,JAI-BOM,JAI,BOM,2025-03-16,93,Boeing 787,213,95,983630,51234
FL00264,MAA-BOM,MAA,BOM,2025-08-05,93,Airbus A320,192,102,596700,47625
FL00265,GOI-CCU,GOI,CCU,2025-10-17,142,ATR 72,206,206,1727516,58192
FL00266,CCU-JAI,CCU,JAI,2026-05-25,164,Airbus A320,190,121,705188,65496
FL00267,HYD-BOM,HYD,BOM,2026-07-31,101,Boeing 737,74,56,647640,44041
FL00268,HYD-MAA,HYD,MAA,2025-06-06,95,Airbus A321,128,88,1041480,43786
FL00269,GOI-CCU,GOI,CCU,2025-09-21,240,ATR 72,195,157,825192,74385
FL00270,AMD-JAI,AMD,JAI,2026-05-16,92,Boeing 787,85,73,222942,20608
FL00271,BOM-PNQ,BOM,PNQ,2025-05-21,206,Boeing 737,87,85,422790,36877
FL00272,GOI-PNQ,GOI,PNQ,2026-01-18,60,Boeing 787,193,164,452148,48948
FL00273,GOI-HYD,GOI,HYD,2025-01-13,49,Boeing 787,140,108,777276,35196
FL00274,HYD-AMD,HYD,AMD,2025-04-20,69,Boeing 787,108,70,395080,42294
FL00275,MAA-HYD,MAA,HYD,2025-10-01,146,Airbus A320,165,162,1482624,71562
FL00276,BLR-MAA,BLR,MAA,2025-11-04,220,Airbus A320,78,45,411300,61468
FL00277,GOI-PNQ,GOI,PNQ,2025-02-27,208,Airbus A320,113,50,534450,75733
FL00278,CCU-DEL,CCU,DEL,2026-06-25,55,Boeing 737,124,112,1152480,21679
FL00279,DEL-CCU,DEL,CCU,2026-07-11,189,Airbus A320,115,80,220480,59147
FL00280,AMD-PNQ,AMD,PNQ,2025-03-20,121,Boeing 737,214,101,1190184,73151
FL00281,CCU-PNQ,CCU,PNQ,2025-05-24,221,Airbus A320,198,128,432512,69863
FL00282,BLR-DEL,BLR,DEL,2025-12-15,199,Boeing 787,171,123,367155,81597
FL00283,PNQ-GOI,PNQ,GOI,2025-08-22,136,Boeing 787,166,95,526585,77998
FL00284,HYD-DEL,HYD,DEL,2026-09-26,120,Boeing 737,88,45,310050,34656
FL00285,AMD-PNQ,AMD,PNQ,2025-11-21,137,Airbus A320,93,40,302000,47917
FL00286,MAA-DEL,MAA,DEL,2025-05-16,67,Boeing 737,180,154,1790250,55534
FL00287,HYD-DEL,HYD,DEL,2025-01-27,67,Airbus A321,211,63,492345,32119
FL00288,MAA-PNQ,MAA,PNQ,2026-02-02,66,Boeing 787,132,113,1247181,34122
FL00289,AMD-BLR,AMD,BLR,2025-10-03,122,Airbus A321,196,77,272272,57200
FL00290,MAA-PNQ,MAA,PNQ,2025-11-03,168,Airbus A320,162,72,470880,80412
FL00291,JAI-BLR,JAI,BLR,2026-04-14,72,Boeing 737,147,40,359320,49746
FL00292,HYD-CCU,HYD,CCU,2026-03-27,130,ATR 72,104,78,604734,49244
FL00293,PNQ-CCU,PNQ,CCU,2025-07-01,146,Airbus A321,144,134,1412896,59430
FL00294,CCU-PNQ,CCU,PNQ,2025-10-15,145,Airbus A321,99,99,1162062,47664
FL00295,GOI-AMD,GOI,AMD,2026-11-30,185,Airbus A320,188,93,900519,54126
FL00296,HYD-GOI,HYD,GOI,2025-05-23,207,Airbus A321,131,72,361800,70252
FL00297,DEL-GOI,DEL,GOI,2026-09-05,167,Boeing 787,172,169,1580657,58561
FL00298,CCU-JAI,CCU,JAI,2026-09-01,208,Airbus A320,97,89,584463,84154
FL00299,CCU-AMD,CCU,AMD,2026-10-25,201,Airbus A320,214,205,1854635,81664
FL00300,DEL-BOM,DEL,BOM,2025-04-11,111,Boeing 737,200,172,2002424,75148
FL00301,BLR-GOI,BLR,GOI,2026-01-19,145,ATR 72,220,216,2310984,59870
FL00302,BOM-GOI,BOM,GOI,2025-04-18,120,ATR 72,91,47,226587,39549
FL00303,CCU-GOI,CCU,GOI,2025-07-31,178,ATR 72,159,100,409900,72301
FL00304,CCU-DEL,CCU,DEL,2025-11-04,56,Airbus A320,75,61,261751,25558
FL00305,BLR-JAI,BLR,JAI,2025-06-28,186,Boeing 737,154,111,1052835,65674
FL00306,HYD-AMD,HYD,AMD,2025-07-10,208,ATR 72,171,47,269404,88381
FL00307,HYD-PNQ,HYD,PNQ,2025-01-05,225,Boeing 737,122,75,264375,73007
FL00308,GOI-AMD,GOI,AMD,2026-01-10,128,Boeing 737,187,69,469062,75583
FL00309,GOI-CCU,GOI,CCU,2026-09-04,144,Boeing 787,170,69,565800,63730
FL00310,JAI-AMD,JAI,AMD,2026-11-21,225,Airbus A321,91,83,389602,55010
FL00311,BLR-CCU,BLR,CCU,2025-04-30,91,Airbus A321,106,105,930720,45249
FL00312,AMD-PNQ,AMD,PNQ,2026-03-10,92,ATR 72,207,205,1094290,49358
FL00313,PNQ-MAA,PNQ,MAA,2025-05-24,92,Airbus A321,185,53,444246,48964
FL00314,AMD-MAA,AMD,MAA,2026-01-29,188,Boeing 787,196,144,1520064,80316
FL00315,PNQ-AMD,PNQ,AMD,2025-03-26,189,Airbus A320,126,77,233695,53172
FL00316,GOI-MAA,GOI,MAA,2025-06-22,162,Boeing 787,196,180,1956420,68272
FL00317,DEL-CCU,DEL,CCU,2026-07-11,138,Boeing 787,80,68,778668,39190
FL00318,DEL-MAA,DEL,MAA,2025-11-01,53,ATR 72,137,84,329700,27366
FL00319,BLR-MAA,BLR,MAA,2026-08-26,221,Airbus A321,179,82,392042,61640
FL00320,BOM-HYD,BOM,HYD,2026-06-30,116,Boeing 787,207,83,647566,66678
FL00321,MAA-CCU,MAA,CCU,2026-06-11,218,Airbus A320,104,92,319332,67108
FL00322,AMD-BLR,AMD,BLR,2025-09-13,82,Airbus A321,133,126,1125684,35518
FL00323,JAI-MAA,JAI,MAA,2026-10-05,151,ATR 72,185,59,237475,72708
FL00324,MAA-HYD,MAA,HYD,2026-04-11,169,Airbus A321,218,40,161040,92809
FL00325,CCU-DEL,CCU,DEL,2026-07-02,146,Boeing 737,179,94,996870,56446
FL00326,MAA-HYD,MAA,HYD,2026-07-15,192,Boeing 737,214,164,1333484,76136
FL00327,BOM-AMD,BOM,AMD,2026-10-04,162,Airbus A320,101,99,503712,57380
FL00328,BOM-PNQ,BOM,PNQ,2025-07-27,221,Boeing 737,147,60,419340,67912
FL00329,CCU-MAA,CCU,MAA,2025-03-26,140,Boeing 737,83,65,487825,53397
FL00330,HYD-DEL,HYD,DEL,2026-12-22,69,Airbus A320,124,101,381376,39201
FL00331,BLR-JAI,BLR,JAI,2026-11-28,158,Airbus A320,72,61,272975,44160
FL00332,PNQ-DEL,PNQ,DEL,2025-08-23,143,Airbus A320,96,46,351118,45578
FL00333,AMD-PNQ,AMD,PNQ,2025-05-17,209,Boeing 737,87,73,856144,46030
FL00334,AMD-GOI,AMD,GOI,2025-12-26,229,Boeing 737,108,92,896816,51091
FL00335,DEL-BLR,DEL,BLR,2025-05-07,195,ATR 72,159,94,719288,52962
FL00336,MAA-DEL,MAA,DEL,2025-09-12,186,Boeing 787,142,139,408521,75862
FL00337,BLR-JAI,BLR,JAI,2026-09-14,175,Boeing 737,170,115,390310,66695
FL00338,HYD-DEL,HYD,DEL,2025-09-04,172,Boeing 787,88,73,196881,50632
FL00339,AMD-PNQ,AMD,PNQ,2026-08-06,152,Airbus A321,209,84,858228,38532
FL00340,JAI-DEL,JAI,DEL,2025-01-15,112,Boeing 737,80,43,387860,40128
FL00341,GOI-HYD,GOI,HYD,2026-03-10,224,ATR 72,91,80,903280,79135
FL00342,AMD-CCU,AMD,CCU,2025-03-27,124,Airbus A320,200,92,464140,64468
FL00343,HYD-DEL,HYD,DEL,2025-11-14,223,ATR 72,131,47,305735,56687
FL00344,DEL-GOI,DEL,GOI,2026-09-19,200,Airbus A320,149,125,672125,42367
FL00345,AMD-BOM,AMD,BOM,2025-06-17,172,Airbus A321,203,172,1160484,63389
FL00346,AMD-CCU,AMD,CCU,2025-05-01,52,Airbus A321,179,109,1207938,33385
FL00347,JAI-DEL,JAI,DEL,2026-05-24,161,Boeing 787,162,47,502195,62429
FL00348,CCU-AMD,CCU,AMD,2025-09-19,71,Boeing 787,99,54,585144,17529
FL00349,BOM-MAA,BOM,MAA,2025-02-17,165,Airbus A321,168,78,423696,58413
FL00350,HYD-BLR,HYD,BLR,2025-11-26,108,ATR 72,151,74,279424,55153
FL00351,DEL-JAI,DEL,JAI,2026-11-21,58,Boeing 737,127,106,344712,25195
FL00352,PNQ-MAA,PNQ,MAA,2025-11-15,128,Airbus A320,211,156,410280,55033
FL00353,MAA-CCU,MAA,CCU,2026-09-30,107,ATR 72,164,115,1217045,54106
FL00354,BLR-AMD,BLR,AMD,2025-01-07,149,Airbus A320,129,109,891075,52596
FL00355,CCU-BOM,CCU,BOM,2026-11-05,141,Airbus A321,96,53,592540,43332
FL00356,PNQ-BOM,PNQ,BOM,2025-05-26,227,Airbus A321,93,42,264264,74636
FL00357,CCU-GOI,CCU,GOI,2025-03-28,193,Airbus A320,199,74,663114,72796
FL00358,JAI-BOM,JAI,BOM,2026-03-22,214,Boeing 737,130,77,521752,66200
FL00359,CCU-HYD,CCU,HYD,2026-04-09,114,Boeing 737,89,52,245960,40189
FL00360,AMD-DEL,AMD,DEL,2025-06-18,160,ATR 72,150,92,411976,66770
FL00361,BLR-GOI,BLR,GOI,2025-11-12,163,Airbus A321,100,45,228690,63785
FL00362,JAI-BOM,JAI,BOM,2025-08-09,128,Boeing 737,93,85,558110,43841
FL00363,GOI-BOM,GOI,BOM,2026-11-25,121,Airbus A321,114,43,392375,53743
FL00364,GOI-BLR,GOI,BLR,2025-04-07,163,Airbus A320,105,55,148225,36285
FL00365,AMD-MAA,AMD,MAA,2026-02-15,140,Airbus A320,219,190,1280600,38075
FL00366,DEL-MAA,DEL,MAA,2026-10-24,158,Boeing 737,93,93,737676,32228
FL00367,PNQ-BOM,PNQ,BOM,2025-06-22,191,ATR 72,171,167,498161,73766
FL00368,AMD-HYD,AMD,HYD,2025-08-08,92,Airbus A321,141,97,478695,45193
FL00369,JAI-BLR,JAI,BLR,2026-10-25,120,ATR 72,175,162,566838,43465
FL00370,HYD-AMD,HYD,AMD,2026-03-06,96,Boeing 787,133,120,1368840,35445
FL00371,CCU-GOI,CCU,GOI,2026-07-12,169,Airbus A321,214,168,1305192,68897
FL00372,AMD-BOM,AMD,BOM,2025-11-23,197,Boeing 737,77,57,197163,63835
FL00373,CCU-BLR,CCU,BLR,2025-06-13,70,Boeing 737,131,74,831982,27196
FL00374,JAI-HYD,JAI,HYD,2025-12-30,89,Boeing 737,130,115,886650,48752
FL00375,JAI-BOM,JAI,BOM,2026-12-22,224,Airbus A321,215,184,888352,86656
FL00376,PNQ-JAI,PNQ,JAI,2025-11-13,89,ATR 72,79,45,153900,34417
FL00377,BLR-BOM,BLR,BOM,2026-06-24,167,Airbus A320,154,118,684400,51269
FL00378,AMD-HYD,AMD,HYD,2025-03-02,50,Boeing 737,220,220,1060400,54480
FL00379,CCU-DEL,CCU,DEL,2026-01-18,225,ATR 72,220,65,520910,79965
FL00380,AMD-BLR,AMD,BLR,2026-03-24,208,ATR 72,151,62,725834,97563
FL00381,CCU-BLR,CCU,BLR,2026-11-13,195,Boeing 737,166,79,578675,50390
FL00382,BOM-PNQ,BOM,PNQ,2026-08-05,53,Boeing 737,151,143,875017,48823
FL00383,DEL-GOI,DEL,GOI,2025-05-25,129,Airbus A320,130,84,649656,52358
FL00384,DEL-HYD,DEL,HYD,2026-04-03,47,Airbus A321,123,71,256310,27658
FL00385,DEL-BOM,DEL,BOM,2025-02-19,143,ATR 72,177,82,761206,66330
FL00386,CCU-JAI,CCU,JAI,2026-01-20,70,ATR 72,217,206,1276170,53585
FL00387,DEL-BOM,DEL,BOM,2025-10-29,50,Airbus A321,136,53,196895,27078
FL00388,HYD-AMD,HYD,AMD,2025-03-18,185,Airbus A320,156,116,1207444,69072
FL00389,HYD-AMD,HYD,AMD,2026-09-14,156,Boeing 737,83,46,364504,37456
FL00390,HYD-JAI,HYD,JAI,2026-07-08,112,Airbus A321,146,70,284970,41064
FL00391,JAI-GOI,JAI,GOI,2026-05-18,84,Airbus A320,162,40,380200,37038
FL00392,JAI-PNQ,JAI,PNQ,2025-07-24,69,Airbus A320,122,61,444141,34182
FL00393,DEL-CCU,DEL,CCU,2026-02-12,165,ATR 72,137,51,582114,53534
FL00394,CCU-PNQ,CCU,PNQ,2026-01-14,92,ATR 72,81,56,543424,33895
FL00395,BLR-CCU,BLR,CCU,2026-08-01,60,Boeing 737,94,45,365940,32870
FL00396,JAI-BLR,JAI,BLR,2026-07-21,60,ATR 72,203,147,1657131,58503
FL00397,JAI-BLR,JAI,BLR,2026-05-03,121,Airbus A320,171,48,514848,68438
FL00398,JAI-AMD,JAI,AMD,2025-05-04,238,ATR 72,114,61,364231,52990
FL00399,BOM-PNQ,BOM,PNQ,2025-03-22,219,ATR 72,121,120,590640,77234
FL00400,CCU-DEL,CCU,DEL,2025-03-31,144,Boeing 787,171,123,864075,70119
FL00401,BOM-JAI,BOM,JAI,2026-03-06,73,ATR 72,108,58,683414,44442
FL00402,DEL-AMD,DEL,AMD,2026-07-31,70,Airbus A321,207,128,1181696,49936
FL00403,PNQ-GOI,PNQ,GOI,2025-02-08,89,Airbus A321,173,76,690156,42794
FL00404,CCU-BLR,CCU,BLR,2025-02-20,235,ATR 72,138,87,246297,70076
FL00405,MAA-CCU,MAA,CCU,2026-05-19,223,Airbus A320,128,57,423111,72695
FL00406,MAA-PNQ,MAA,PNQ,2026-09-12,210,Airbus A320,118,96,572448,71112
FL00407,GOI-CCU,GOI,CCU,2025-02-27,176,Boeing 737,86,59,637377,49052
FL00408,GOI-BOM,GOI,BOM,2025-06-27,94,Boeing 737,84,55,167255,29912
FL00409,CCU-BLR,CCU,BLR,2025-10-08,139,ATR 72,199,141,638589,58179
FL00410,BLR-HYD,BLR,HYD,2026-05-16,197,ATR 72,115,100,1153300,60493
FL00411,AMD-CCU,AMD,CCU,2026-12-07,68,Airbus A321,77,64,212032,28350
FL00412,BLR-MAA,BLR,MAA,2026-10-25,102,Boeing 737,138,123,1132707,37332
FL00413,BOM-GOI,BOM,GOI,2025-05-16,210,Boeing 737,72,54,358290,69126
FL00414,MAA-PNQ,MAA,PNQ,2026-01-21,134,ATR 72,134,67,679782,54940
FL00415,JAI-HYD,JAI,HYD,2026-08-22,71,Airbus A320,200,135,1579230,66635
FL00416,JAI-MAA,JAI,MAA,2025-11-02,220,Airbus A320,193,56,448504,88699
FL00417,CCU-MAA,CCU,MAA,2025-09-25,212,Airbus A321,118,59,647525,49464
FL00418,JAI-HYD,JAI,HYD,2026-11-08,126,Boeing 737,76,71,521353,37648
FL00419,HYD-PNQ,HYD,PNQ,2025-02-06,194,Boeing 787,118,83,509869,82718
FL00420,PNQ-CCU,PNQ,CCU,2026-06-04,121,Boeing 737,212,86,628918,59824
FL00421,AMD-CCU,AMD,CCU,2026-07-27,240,Boeing 737,155,123,487449,68590
FL00422,BLR-CCU,BLR,CCU,2026-03-07,129,Airbus A321,136,114,834138,45662
FL00423,PNQ-BOM,PNQ,BOM,2026-10-12,194,Boeing 787,88,70,398090,57792
FL00424,HYD-JAI,HYD,JAI,2025-11-02,150,Airbus A320,108,57,329517,50922
FL00425,JAI-PNQ,JAI,PNQ,2025-05-27,125,Boeing 737,90,71,564379,46375
FL00426,CCU-BOM,CCU,BOM,2025-01-05,160,Airbus A321,123,61,728401,50815
FL00427,DEL-BLR,DEL,BLR,2026-09-22,156,ATR 72,173,149,1537829,48021
FL00428,BOM-JAI,BOM,JAI,2025-07-24,232,Airbus A321,73,60,672000,45108
FL00429,BOM-MAA,BOM,MAA,2025-08-20,222,Airbus A321,149,56,234192,79388
FL00430,JAI-MAA,JAI,MAA,2025-06-21,61,Airbus A320,146,77,767613,49305
FL00431,GOI-CCU,GOI,CCU,2026-03-21,220,Boeing 737,157,155,1632305,66516
FL00432,AMD-PNQ,AMD,PNQ,2025-01-20,103,Boeing 737,103,67,191553,49337
FL00433,AMD-DEL,AMD,DEL,2026-01-11,227,Airbus A320,166,152,1016880,97786
FL00434,BOM-DEL,BOM,DEL,2026-11-09,72,Airbus A320,82,47,438416,31290
FL00435,DEL-JAI,DEL,JAI,2025-09-16,166,Boeing 737,122,120,318240,55516
FL00436,DEL-JAI,DEL,JAI,2025-10-04,204,Boeing 787,105,93,392274,75990
FL00437,DEL-CCU,DEL,CCU,2025-04-27,72,ATR 72,120,117,675324,39024
FL00438,BLR-HYD,BLR,HYD,2026-12-22,149,Airbus A321,111,45,516600,51566
FL00439,PNQ-CCU,PNQ,CCU,2025-08-29,45,Airbus A320,92,47,559582,32047
FL00440,AMD-DEL,AMD,DEL,2026-06-08,64,Airbus A320,135,122,767014,36029
FL00441,MAA-GOI,MAA,GOI,2025-02-21,70,Boeing 737,80,58,487258,33310
FL00442,HYD-DEL,HYD,DEL,2025-04-08,239,Airbus A320,72,48,254064,61068
FL00443,PNQ-MAA,PNQ,MAA,2025-04-06,140,Airbus A321,116,54,489564,53816
FL00444,MAA-PNQ,MAA,PNQ,2026-12-08,167,ATR 72,112,54,252234,60406
FL00445,AMD-DEL,AMD,DEL,2026-03-03,196,ATR 72,215,213,2061414,83276
FL00446,HYD-CCU,HYD,CCU,2026-09-19,52,Boeing 737,193,164,713400,48756
FL00447,BOM-AMD,BOM,AMD,2025-09-25,212,Airbus A321,73,73,872131,65969
FL00448,CCU-JAI,CCU,JAI,2026-06-20,221,Boeing 787,94,67,440324,69495
FL00449,HYD-AMD,HYD,AMD,2026-07-26,201,Airbus A320,72,50,539150,63072
FL00450,AMD-DEL,AMD,DEL,2026-05-19,127,Boeing 737,154,75,249300,52721
FL00451,GOI-HYD,GOI,HYD,2026-02-17,105,Airbus A320,187,153,1818864,43644
FL00452,PNQ-GOI,PNQ,GOI,2025-11-20,75,ATR 72,74,46,419014,23461
FL00453,GOI-JAI,GOI,JAI,2025-01-01,68,Boeing 787,147,105,1229865,48005
FL00454,PNQ-CCU,PNQ,CCU,2026-01-08,58,Boeing 737,186,124,1447948,59462
FL00455,PNQ-CCU,PNQ,CCU,2026-04-09,74,Airbus A320,126,40,323680,46032
FL00456,MAA-JAI,MAA,JAI,2026-06-19,140,Airbus A320,81,50,528350,36604
FL00457,DEL-CCU,DEL,CCU,2026-09-18,95,Boeing 737,100,99,884763,36325
FL00458,BLR-HYD,BLR,HYD,2025-04-21,238,ATR 72,81,80,361440,71887
FL00459,JAI-GOI,JAI,GOI,2025-05-18,172,Airbus A320,205,52,601328,86505
FL00460,PNQ-JAI,PNQ,JAI,2025-07-01,222,Boeing 787,114,56,234976,76890
FL00461,JAI-CCU,JAI,CCU,2026-06-01,143,ATR 72,133,75,676350,50216
FL00462,PNQ-AMD,PNQ,AMD,2025-05-22,150,Boeing 787,201,116,1331100,74421
FL00463,BLR-MAA,BLR,MAA,2025-08-03,204,Airbus A321,158,157,733661,78094
FL00464,GOI-JAI,GOI,JAI,2026-12-12,208,Airbus A321,99,88,727848,74702
FL00465,JAI-HYD,JAI,HYD,2026-11-22,236,Boeing 787,143,94,254646,75009
FL00466,BOM-PNQ,BOM,PNQ,2025-05-29,58,Airbus A320,121,74,380064,28618
FL00467,AMD-BOM,AMD,BOM,2026-12-09,120,Boeing 737,208,48,402048,50248
FL00468,JAI-GOI,JAI,GOI,2025-08-18,235,Boeing 787,169,100,1087000,95887
FL00469,BOM-PNQ,BOM,PNQ,2026-02-01,151,Airbus A321,211,53,143736,55425
FL00470,JAI-PNQ,JAI,PNQ,2025-08-19,207,Airbus A321,220,179,1023522,69083
FL00471,PNQ-AMD,PNQ,AMD,2026-12-01,64,Boeing 737,114,105,467775,24084
FL00472,HYD-MAA,HYD,MAA,2026-07-24,112,Boeing 737,111,72,186624,44937
FL00473,AMD-BOM,AMD,BOM,2025-06-07,127,Boeing 787,83,80,594720,49873
FL00474,GOI-CCU,GOI,CCU,2025-03-16,226,Airbus A321,204,96,529152,76966
FL00475,GOI-AMD,GOI,AMD,2026-03-02,184,Boeing 787,173,63,518112,55566
FL00476,CCU-HYD,CCU,HYD,2026-01-05,120,Boeing 737,205,161,1883056,51130
FL00477,DEL-HYD,DEL,HYD,2026-04-02,106,Boeing 787,132,45,349110,37390
FL00478,HYD-MAA,HYD,MAA,2026-07-08,230,Airbus A321,76,73,630939,73690
FL00479,PNQ-GOI,PNQ,GOI,2025-02-14,120,Boeing 737,152,105,404145,35824
FL00480,GOI-JAI,GOI,JAI,2025-01-08,205,Airbus A320,123,120,719040,83599
FL00481,DEL-MAA,DEL,MAA,2026-07-05,224,ATR 72,88,87,436653,45560
FL00482,CCU-BOM,CCU,BOM,2025-03-31,63,Airbus A320,115,72,838296,34799
FL00483,BLR-CCU,BLR,CCU,2026-02-22,144,ATR 72,173,150,1152450,48823
FL00484,DEL-JAI,DEL,JAI,2025-01-07,209,Boeing 787,86,77,249865,70919
FL00485,CCU-JAI,CCU,JAI,2025-04-19,119,Airbus A321,92,58,560860,42475
FL00486,BOM-GOI,BOM,GOI,2025-06-10,181,Boeing 737,104,90,1029690,60463
FL00487,AMD-CCU,AMD,CCU,2026-11-25,231,Airbus A321,72,49,221431,35862
FL00488,JAI-HYD,JAI,HYD,2026-07-05,185,Airbus A320,148,66,536778,59570
FL00489,GOI-AMD,GOI,AMD,2025-06-14,92,Boeing 737,134,64,280128,45422
FL00490,BOM-JAI,BOM,JAI,2026-04-18,210,Boeing 787,88,58,208974,47880
FL00491,BLR-GOI,BLR,GOI,2025-12-05,136,Boeing 737,130,52,372892,50418
FL00492,BLR-HYD,BLR,HYD,2026-05-13,160,Airbus A321,148,128,639488,75540
FL00493,CCU-HYD,CCU,HYD,2026-03-15,88,Airbus A320,150,71,435159,53642
FL00494,MAA-HYD,MAA,HYD,2025-05-18,218,Airbus A321,192,158,1547768,76334
FL00495,PNQ-JAI,PNQ,JAI,2025-04-22,89,Boeing 787,90,57,273201,34573
FL00496,MAA-DEL,MAA,DEL,2025-03-19,49,Boeing 787,77,77,922768,28714
FL00497,BLR-BOM,BLR,BOM,2026-07-19,111,Boeing 787,208,160,789600,61083
FL00498,BLR-CCU,BLR,CCU,2025-05-18,163,Boeing 787,200,63,567000,76319
FL00499,BOM-MAA,BOM,MAA,2026-09-21,220,Boeing 737,201,75,735750,60325
FL00500,JAI-AMD,JAI,AMD,2026-05-11,136,Airbus A320,126,102,642192,37018
FL00501,CCU-BLR,CCU,BLR,2025-02-13,216,Boeing 737,202,132,1169256,91432
FL00502,BOM-DEL,BOM,DEL,2026-10-27,127,Airbus A320,203,202,1409960,70033
FL00503,GOI-AMD,GOI,AMD,2026-01-21,212,ATR 72,163,115,434125,76896
FL00504,HYD-BLR,HYD,BLR,2026-06-13,148,Airbus A321,158,102,1060596,53350
FL00505,GOI-AMD,GOI,AMD,2026-03-27,87,Boeing 737,89,72,511200,25640
FL00506,AMD-BLR,AMD,BLR,2026-01-06,199,Airbus A320,128,93,735630,55635
FL00507,PNQ-GOI,PNQ,GOI,2025-08-04,196,Boeing 737,175,45,292140,45276
FL00508,JAI-AMD,JAI,AMD,2025-05-18,206,Boeing 787,80,76,372856,37364
FL00509,MAA-AMD,MAA,AMD,2026-06-14,148,Boeing 787,214,203,569415,75300
FL00510,DEL-MAA,DEL,MAA,2026-04-05,200,ATR 72,193,83,505802,89969
FL00511,AMD-BLR,AMD,BLR,2026-10-01,213,Boeing 787,137,61,494954,82052
FL00512,JAI-DEL,JAI,DEL,2025-08-24,141,ATR 72,103,53,146863,46050
FL00513,GOI-HYD,GOI,HYD,2025-06-03,200,Airbus A320,115,100,313900,75120
FL00514,DEL-AMD,DEL,AMD,2026-05-09,213,Boeing 737,208,40,382760,92785
FL00515,CCU-BOM,CCU,BOM,2026-12-16,180,ATR 72,128,101,883346,67060
FL00516,JAI-DEL,JAI,DEL,2026-03-12,79,Airbus A321,192,99,383427,59904
FL00517,GOI-HYD,GOI,HYD,2025-09-21,93,Airbus A320,71,47,517705,23749
FL00518,BLR-HYD,BLR,HYD,2026-02-23,137,Airbus A320,109,94,625570,49135
FL00519,HYD-CCU,HYD,CCU,2026-09-19,115,ATR 72,122,92,1062140,54896
FL00520,AMD-HYD,AMD,HYD,2026-07-27,187,ATR 72,134,79,945156,63150
FL00521,AMD-DEL,AMD,DEL,2025-08-24,159,Boeing 737,95,53,573884,51068
FL00522,GOI-BOM,GOI,BOM,2025-06-14,144,Airbus A320,93,92,449052,56229
FL00523,HYD-DEL,HYD,DEL,2025-03-07,112,Boeing 737,164,50,155900,54264
FL00524,JAI-GOI,JAI,GOI,2025-10-21,227,Boeing 787,84,51,540549,59552
FL00525,BLR-JAI,BLR,JAI,2025-10-20,94,Airbus A320,200,172,1082740,50638
FL00526,BOM-HYD,BOM,HYD,2025-09-02,212,Airbus A320,110,51,358020,65764
FL00527,HYD-PNQ,HYD,PNQ,2026-08-24,96,Boeing 787,73,44,174988,36056
FL00528,GOI-CCU,GOI,CCU,2025-12-22,115,Boeing 737,119,98,893564,40344
FL00529,MAA-AMD,MAA,AMD,2026-02-21,174,Airbus A320,213,58,623094,69501
FL00530,DEL-JAI,DEL,JAI,2025-09-21,182,Boeing 787,134,128,1248512,69328
FL00531,PNQ-BLR,PNQ,BLR,2025-12-14,162,ATR 72,220,47,488612,56258
FL00532,DEL-PNQ,DEL,PNQ,2026-10-11,101,Boeing 737,150,92,762220,58002
FL00533,BOM-CCU,BOM,CCU,2025-09-12,118,Airbus A320,172,127,475615,52298
FL00534,PNQ-CCU,PNQ,CCU,2025-12-29,100,Boeing 787,138,63,353745,42778
FL00535,BLR-MAA,BLR,MAA,2025-09-29,97,Boeing 737,121,71,591643,28370
FL00536,DEL-AMD,DEL,AMD,2026-11-24,214,ATR 72,71,42,436842,62908
FL00537,CCU-GOI,CCU,GOI,2026-08-12,115,ATR 72,116,105,744555,41191
FL00538,JAI-AMD,JAI,AMD,2025-02-25,179,ATR 72,192,178,539874,76648
FL00539,HYD-AMD,HYD,AMD,2026-04-14,75,Boeing 787,187,120,316440,34096
FL00540,HYD-DEL,HYD,DEL,2025-11-30,137,Boeing 787,136,63,723681,44659
FL00541,MAA-GOI,MAA,GOI,2026-09-20,132,Airbus A321,117,103,972835,44715
FL00542,CCU-HYD,CCU,HYD,2026-02-15,116,ATR 72,116,113,525224,46980
FL00543,DEL-CCU,DEL,CCU,2025-08-30,187,ATR 72,167,90,440010,63113
FL00544,BOM-BLR,BOM,BLR,2026-03-08,172,Boeing 737,202,176,1350272,73480
FL00545,MAA-JAI,MAA,JAI,2026-08-05,57,ATR 72,95,84,434784,20520
FL00546,MAA-GOI,MAA,GOI,2026-10-07,69,ATR 72,155,73,614222,49193
FL00547,GOI-MAA,GOI,MAA,2025-12-19,50,ATR 72,101,62,357058,36277
FL00548,GOI-AMD,GOI,AMD,2025-10-19,135,Airbus A321,200,164,1610808,54300
FL00549,JAI-MAA,JAI,MAA,2026-04-20,206,Boeing 737,112,83,781113,84318
FL00550,JAI-HYD,JAI,HYD,2025-03-15,65,Boeing 737,157,69,526884,51844
FL00551,MAA-CCU,MAA,CCU,2026-09-12,210,ATR 72,139,96,811200,86307
FL00552,PNQ-HYD,PNQ,HYD,2025-06-21,92,Airbus A320,102,86,545584,41276
FL00553,DEL-MAA,DEL,MAA,2025-06-20,146,Airbus A320,94,44,451088,46702
FL00554,BOM-PNQ,BOM,PNQ,2026-06-21,240,Airbus A320,96,56,282464,57552
FL00555,HYD-MAA,HYD,MAA,2025-08-23,108,Airbus A321,183,72,334800,49941
FL00556,BOM-DEL,BOM,DEL,2026-11-11,136,Airbus A321,191,159,1805604,67724
FL00557,PNQ-AMD,PNQ,AMD,2026-12-16,183,Boeing 737,186,184,1771184,91680
FL00558,GOI-MAA,GOI,MAA,2025-12-22,168,Boeing 787,128,51,496689,55408
FL00559,HYD-MAA,HYD,MAA,2025-06-09,122,Airbus A320,70,56,265048,36086
FL00560,PNQ-JAI,PNQ,JAI,2025-01-09,221,ATR 72,192,116,307284,80398
FL00561,JAI-BLR,JAI,BLR,2025-01-08,185,Airbus A321,118,92,1074928,64093
FL00562,BLR-AMD,BLR,AMD,2026-10-24,144,ATR 72,126,73,277181,63072
FL00563,BLR-JAI,BLR,JAI,2026-09-20,222,Airbus A321,142,123,1379445,68006
FL00564,BLR-DEL,BLR,DEL,2025-07-06,79,Airbus A321,98,80,796800,41072
FL00565,MAA-GOI,MAA,GOI,2025-07-12,127,Airbus A320,108,46,518144,29591
FL00566,DEL-CCU,DEL,CCU,2025-10-03,77,ATR 72,72,54,214758,18142
FL00567,PNQ-BLR,PNQ,BLR,2025-12-17,152,Airbus A321,197,135,1363095,62632
FL00568,CCU-DEL,CCU,DEL,2025-05-30,59,Airbus A321,170,58,661142,35580
FL00569,BLR-CCU,BLR,CCU,2026-01-26,48,Airbus A320,133,89,868373,20488
FL00570,BLR-GOI,BLR,GOI,2025-04-07,178,Boeing 737,191,139,1058207,58876
FL00571,BOM-JAI,BOM,JAI,2026-06-18,76,Airbus A321,193,116,667580,34061
FL00572,BLR-DEL,BLR,DEL,2025-08-30,207,ATR 72,153,41,214922,74367
FL00573,DEL-PNQ,DEL,PNQ,2025-09-06,47,Airbus A320,218,216,2221776,64488
FL00574,AMD-HYD,AMD,HYD,2025-04-02,108,Boeing 737,197,63,506772,48955
FL00575,BOM-HYD,BOM,HYD,2026-10-23,84,Boeing 787,97,48,503616,30653
FL00576,GOI-CCU,GOI,CCU,2026-03-26,232,Boeing 737,75,64,535552,46528
FL00577,BOM-GOI,BOM,GOI,2026-12-25,157,Boeing 787,145,109,1147661,59001
FL00578,AMD-JAI,AMD,JAI,2025-12-23,127,ATR 72,140,116,1343860,34027
FL00579,GOI-AMD,GOI,AMD,2026-04-06,120,Airbus A321,208,133,1321887,64944
FL00580,GOI-HYD,GOI,HYD,2025-07-09,49,Boeing 787,163,139,891268,25546
FL00581,GOI-HYD,GOI,HYD,2025-07-14,179,ATR 72,211,79,563902,74982
FL00582,CCU-DEL,CCU,DEL,2025-04-09,178,Airbus A320,81,48,260448,33395
FL00583,DEL-GOI,DEL,GOI,2025-07-16,70,Airbus A320,216,204,1808664,64440
FL00584,GOI-MAA,GOI,MAA,2025-02-20,138,Boeing 737,88,40,236760,57646
FL00585,DEL-GOI,DEL,GOI,2026-10-17,60,Airbus A321,212,146,1247716,58284
FL00586,MAA-JAI,MAA,JAI,2025-02-11,232,Airbus A320,147,49,295813,73752
FL00587,DEL-MAA,DEL,MAA,2026-06-29,143,Boeing 737,119,107,703525,66455
FL00588,AMD-JAI,AMD,JAI,2026-07-26,151,Airbus A320,217,131,1311965,99399
FL00589,HYD-DEL,HYD,DEL,2025-06-20,91,Boeing 787,172,169,1356901,46848
FL00590,GOI-PNQ,GOI,PNQ,2025-12-27,125,Boeing 787,153,148,1271320,65151
FL00591,HYD-CCU,HYD,CCU,2026-09-16,106,Boeing 787,209,94,812630,57865
FL00592,CCU-GOI,CCU,GOI,2026-04-04,146,Airbus A320,78,58,160486,45684
FL00593,MAA-BOM,MAA,BOM,2025-11-04,101,Boeing 737,150,42,294882,57861
FL00594,GOI-AMD,GOI,AMD,2025-04-07,54,ATR 72,161,59,281253,37951
FL00595,JAI-BLR,JAI,BLR,2025-08-27,110,Airbus A321,93,76,687800,41705
FL00596,DEL-HYD,DEL,HYD,2026-05-10,89,ATR 72,217,64,474944,60740
FL00597,HYD-DEL,HYD,DEL,2025-02-27,130,Airbus A321,181,146,653204,67847
FL00598,JAI-BOM,JAI,BOM,2026-10-12,206,ATR 72,83,59,654369,40143
FL00599,GOI-AMD,GOI,AMD,2025-12-01,173,Boeing 737,109,46,411056,65770
FL00600,JAI-GOI,JAI,GOI,2025-04-03,101,ATR 72,144,140,1254400,32129
FL00601,CCU-DEL,CCU,DEL,2026-05-03,191,Airbus A320,210,142,965742,65151
FL00602,GOI-HYD,GOI,HYD,2026-12-16,78,Boeing 737,193,183,1051335,53965
FL00603,JAI-BLR,JAI,BLR,2026-07-29,202,Boeing 787,133,71,260783,63246
FL00604,CCU-DEL,CCU,DEL,2025-04-26,216,ATR 72,178,133,1091398,65124
FL00605,CCU-BOM,CCU,BOM,2025-11-09,88,Airbus A321,183,77,748132,36965
FL00606,BLR-HYD,BLR,HYD,2025-06-09,238,Airbus A320,98,87,295191,66640
FL00607,AMD-CCU,AMD,CCU,2025-01-15,132,Airbus A320,148,97,991243,40772
FL00608,BLR-JAI,BLR,JAI,2025-08-05,97,Boeing 787,203,106,1218046,72088
FL00609,AMD-BOM,AMD,BOM,2026-01-21,194,Boeing 787,81,56,296240,38502
FL00610,BLR-CCU,BLR,CCU,2025-02-24,164,Airbus A320,87,64,444480,68972
FL00611,CCU-DEL,CCU,DEL,2025-01-20,119,ATR 72,129,88,953128,37895
FL00612,PNQ-JAI,PNQ,JAI,2025-04-01,92,Boeing 737,198,157,1834702,29320
FL00613,BLR-JAI,BLR,JAI,2025-11-09,130,ATR 72,170,80,224080,55940
FL00614,CCU-MAA,CCU,MAA,2025-08-30,173,Airbus A321,85,80,537680,45282
FL00615,GOI-MAA,GOI,MAA,2025-08-19,83,Airbus A321,170,75,295350,54221
FL00616,JAI-BLR,JAI,BLR,2026-03-04,106,Boeing 787,109,94,716092,46920
FL00617,PNQ-JAI,PNQ,JAI,2025-05-15,97,Boeing 737,218,178,1034892,49697
FL00618,GOI-AMD,GOI,AMD,2026-03-17,82,Boeing 787,110,80,288880,45244
FL00619,DEL-BLR,DEL,BLR,2025-11-22,82,Airbus A320,151,92,849804,45297
FL00620,MAA-AMD,MAA,AMD,2025-07-12,72,Boeing 737,117,43,295496,46125
FL00621,JAI-BLR,JAI,BLR,2026-09-03,104,Boeing 737,76,62,235724,46136
FL00622,AMD-JAI,AMD,JAI,2026-09-12,165,Airbus A321,117,89,939039,53220
FL00623,AMD-MAA,AMD,MAA,2025-08-20,53,ATR 72,73,57,528219,18891
FL00624,BLR-DEL,BLR,DEL,2025-07-01,157,Boeing 787,195,123,1229508,65586
FL00625,HYD-BOM,HYD,BOM,2026-09-15,233,ATR 72,150,90,1068300,95926
FL00626,GOI-BOM,GOI,BOM,2026-06-18,72,ATR 72,186,50,326250,58506
FL00627,HYD-BOM,HYD,BOM,2026-07-26,144,Boeing 787,82,52,378040,48250
FL00628,MAA-CCU,MAA,CCU,2026-04-18,87,ATR 72,145,118,400374,56492
FL00629,AMD-GOI,AMD,GOI,2026-10-24,160,Airbus A320,198,68,370260,86402
FL00630,AMD-PNQ,AMD,PNQ,2026-02-28,127,ATR 72,76,51,506583,44373
FL00631,PNQ-DEL,PNQ,DEL,2025-09-14,127,Boeing 737,101,45,196650,57795
FL00632,CCU-DEL,CCU,DEL,2026-06-21,226,ATR 72,200,196,1003324,92816
FL00633,HYD-BOM,HYD,BOM,2025-06-24,130,Boeing 787,108,60,292140,31494
FL00634,HYD-MAA,HYD,MAA,2025-11-13,231,ATR 72,143,120,655200,50809
FL00635,BLR-BOM,BLR,BOM,2026-09-30,240,Airbus A321,73,69,735057,75267
FL00636,BOM-GOI,BOM,GOI,2025-09-01,100,Boeing 787,191,156,1438164,42400
FL00637,JAI-BOM,JAI,BOM,2025-09-08,185,Airbus A321,212,93,306993,55699
FL00638,BOM-HYD,BOM,HYD,2025-02-07,82,Airbus A320,217,194,1433466,38862
FL00639,BOM-AMD,BOM,AMD,2026-03-03,90,Boeing 737,142,118,1401368,41420
FL00640,PNQ-CCU,PNQ,CCU,2025-02-06,68,Airbus A321,152,87,757596,38044
FL00641,GOI-DEL,GOI,DEL,2025-10-27,165,Boeing 737,101,84,587664,55274
FL00642,HYD-JAI,HYD,JAI,2025-08-03,223,Boeing 737,84,46,545606,80723
FL00643,DEL-GOI,DEL,GOI,2026-12-07,199,Airbus A321,179,121,817234,91179
FL00644,JAI-CCU,JAI,CCU,2025-05-13,202,Boeing 787,197,173,1843142,74514
FL00645,JAI-BLR,JAI,BLR,2026-12-27,119,Boeing 737,70,43,124356,45241
FL00646,DEL-MAA,DEL,MAA,2026-09-23,151,ATR 72,81,61,501908,59396
FL00647,BLR-BOM,BLR,BOM,2026-10-18,96,Airbus A321,135,48,362016,47031
FL00648,GOI-CCU,GOI,CCU,2025-01-07,74,Airbus A321,157,90,1063890,34157
FL00649,AMD-MAA,AMD,MAA,2025-12-05,131,ATR 72,191,49,231476,54562
FL00650,PNQ-JAI,PNQ,JAI,2025-12-10,163,ATR 72,84,73,540492,56472
FL00651,GOI-JAI,GOI,JAI,2025-01-20,98,Boeing 787,154,142,1177606,31500
FL00652,MAA-BOM,MAA,BOM,2025-12-14,141,Boeing 787,112,89,495730,50560
FL00653,MAA-HYD,MAA,HYD,2026-12-28,53,Airbus A321,175,62,659866,40165
FL00654,PNQ-MAA,PNQ,MAA,2025-08-10,179,Airbus A321,114,54,466074,38025
FL00655,DEL-GOI,DEL,GOI,2026-06-03,51,ATR 72,198,79,443664,50751
FL00656,GOI-MAA,GOI,MAA,2025-12-02,81,Airbus A320,202,73,427853,50243
FL00657,HYD-JAI,HYD,JAI,2025-04-29,46,Airbus A321,81,78,306228,25549
FL00658,BOM-AMD,BOM,AMD,2026-06-18,213,Airbus A321,75,59,350342,52851
FL00659,BLR-CCU,BLR,CCU,2025-10-11,181,Airbus A321,182,70,487690,50438
FL00660,MAA-DEL,MAA,DEL,2025-01-16,204,Boeing 787,201,66,388344,86601
FL00661,GOI-CCU,GOI,CCU,2025-10-05,81,Airbus A321,216,102,541212,45522
FL00662,JAI-CCU,JAI,CCU,2026-07-08,158,Airbus A320,103,43,439116,55612
FL00663,DEL-PNQ,DEL,PNQ,2025-02-25,67,ATR 72,170,85,833340,47629
FL00664,MAA-HYD,MAA,HYD,2025-07-22,227,Boeing 787,90,88,891352,70325
FL00665,DEL-GOI,DEL,GOI,2025-04-10,161,Airbus A321,189,160,1007360,50421
FL00666,JAI-MAA,JAI,MAA,2026-01-08,145,Boeing 737,154,140,1094800,65636
FL00667,BOM-AMD,BOM,AMD,2026-05-02,73,Airbus A321,192,158,837084,46464
FL00668,JAI-AMD,JAI,AMD,2026-06-05,71,ATR 72,97,60,696660,29812
FL00669,MAA-JAI,MAA,JAI,2026-04-18,147,Boeing 787,175,101,655692,59220
FL00670,PNQ-HYD,PNQ,HYD,2025-03-09,132,Boeing 737,180,151,1780743,66744
FL00671,BLR-AMD,BLR,AMD,2026-11-10,216,Airbus A320,216,164,717172,108648
FL00672,PNQ-CCU,PNQ,CCU,2026-07-23,69,ATR 72,115,79,722692,36248
FL00673,DEL-PNQ,DEL,PNQ,2025-12-02,171,Airbus A320,93,53,253128,68334
FL00674,BOM-BLR,BOM,BLR,2026-11-08,83,ATR 72,206,114,1013346,69753
FL00675,PNQ-BLR,PNQ,BLR,2025-07-30,219,Airbus A321,146,112,838768,75117
FL00676,DEL-BOM,DEL,BOM,2026-09-19,175,ATR 72,102,94,687986,41373
FL00677,GOI-BOM,GOI,BOM,2025-01-01,225,Boeing 787,161,54,384642,51115
FL00678,HYD-PNQ,HYD,PNQ,2026-10-03,126,ATR 72,173,137,1319310,55816
FL00679,AMD-GOI,AMD,GOI,2025-05-23,93,Boeing 787,168,132,1232220,40491
FL00680,AMD-BLR,AMD,BLR,2025-01-12,63,Airbus A320,106,102,984810,20408
FL00681,AMD-PNQ,AMD,PNQ,2026-04-12,223,Boeing 787,178,86,855184,89214
FL00682,GOI-PNQ,GOI,PNQ,2026-01-29,135,Boeing 737,117,94,246374,60264
FL00683,BLR-JAI,BLR,JAI,2025-10-03,150,Boeing 787,217,133,405384,68175
FL00684,PNQ-CCU,PNQ,CCU,2025-04-26,193,ATR 72,90,49,545076,54773
FL00685,GOI-DEL,GOI,DEL,2026-06-20,201,Airbus A320,132,100,377900,91239
FL00686,GOI-MAA,GOI,MAA,2026-09-20,58,Airbus A321,206,42,427602,57154
FL00687,PNQ-CCU,PNQ,CCU,2026-03-08,135,Airbus A321,144,61,187758,73503
FL00688,MAA-CCU,MAA,CCU,2025-03-04,206,ATR 72,218,83,986455,81462
FL00689,MAA-BOM,MAA,BOM,2025-10-21,169,Airbus A320,102,72,270648,46967
FL00690,AMD-CCU,AMD,CCU,2025-10-09,110,Airbus A320,98,78,418080,41374
FL00691,PNQ-CCU,PNQ,CCU,2025-06-29,111,Boeing 737,194,86,958040,46606
FL00692,DEL-BLR,DEL,BLR,2026-09-02,84,ATR 72,175,138,882924,57876
FL00693,AMD-MAA,AMD,MAA,2026-08-15,232,Airbus A321,83,81,553311,42287
FL00694,AMD-GOI,AMD,GOI,2026-02-13,166,Airbus A321,191,176,1113728,70211
FL00695,PNQ-MAA,PNQ,MAA,2025-05-29,180,ATR 72,73,58,571474,50740
FL00696,GOI-BOM,GOI,BOM,2025-04-10,181,Airbus A321,180,109,870692,60849
FL00697,DEL-CCU,DEL,CCU,2026-11-02,194,ATR 72,188,101,574993,80290
FL00698,AMD-HYD,AMD,HYD,2026-07-15,47,Airbus A320,87,40,369480,25433
FL00699,DEL-GOI,DEL,GOI,2025-12-26,101,Airbus A321,134,64,195648,44618
FL00700,DEL-BOM,DEL,BOM,2026-09-01,213,Boeing 737,101,85,379525,53880
FL00701,AMD-PNQ,AMD,PNQ,2026-11-04,240,Boeing 787,117,54,297972,62295
FL00702,PNQ-DEL,PNQ,DEL,2026-10-17,161,Airbus A321,179,122,819352,43463
FL00703,MAA-BOM,MAA,BOM,2026-01-27,144,Airbus A321,85,56,382816,40080
FL00704,DEL-GOI,DEL,GOI,2025-07-25,201,ATR 72,115,102,436152,56426
FL00705,HYD-BLR,HYD,BLR,2026-09-21,209,Airbus A320,183,106,444352,44686
FL00706,DEL-CCU,DEL,CCU,2026-04-02,49,ATR 72,108,40,124760,33542
FL00707,MAA-AMD,MAA,AMD,2026-12-18,129,ATR 72,217,40,437760,75439
FL00708,HYD-PNQ,HYD,PNQ,2025-03-13,183,Boeing 737,70,52,540696,43383
FL00709,GOI-CCU,GOI,CCU,2025-12-08,219,Airbus A321,172,54,215190,83799
FL00710,CCU-DEL,CCU,DEL,2026-04-16,239,Airbus A321,121,62,718208,52608
FL00711,BLR-CCU,BLR,CCU,2026-12-14,144,Airbus A320,161,102,396780,71376
FL00712,BLR-AMD,BLR,AMD,2025-02-06,94,Airbus A320,131,102,904638,41342
FL00713,MAA-GOI,MAA,GOI,2026-07-01,160,Airbus A320,79,61,208498,40070
FL00714,HYD-DEL,HYD,DEL,2025-08-05,212,Boeing 787,187,177,874380,82809
FL00715,DEL-BOM,DEL,BOM,2025-05-25,170,Airbus A320,190,51,330276,97570
FL00716,AMD-BOM,AMD,BOM,2025-06-26,206,Airbus A320,148,145,593630,83544
FL00717,AMD-DEL,AMD,DEL,2025-04-19,74,ATR 72,126,48,279360,37862
FL00718,HYD-CCU,HYD,CCU,2025-05-04,220,Boeing 787,209,75,582600,57299
FL00719,JAI-AMD,JAI,AMD,2025-12-10,61,Airbus A320,140,58,539458,34303
FL00720,GOI-AMD,GOI,AMD,2026-03-26,107,Boeing 787,80,48,198576,48947
FL00721,HYD-AMD,HYD,AMD,2025-01-17,169,Airbus A320,71,40,217560,41464
FL00722,JAI-MAA,JAI,MAA,2026-03-03,222,ATR 72,102,53,256732,78024
FL00723,GOI-PNQ,GOI,PNQ,2026-02-26,106,Boeing 737,79,78,425022,44826
FL00724,DEL-CCU,DEL,CCU,2025-12-23,152,Airbus A320,212,100,564400,68380
FL00725,DEL-HYD,DEL,HYD,2026-07-07,174,Boeing 737,188,93,653604,47394
FL00726,DEL-BLR,DEL,BLR,2026-12-03,166,ATR 72,115,60,192360,50253
FL00727,CCU-MAA,CCU,MAA,2025-08-03,156,Airbus A321,155,118,1171032,36866
FL00728,BOM-JAI,BOM,JAI,2025-06-30,85,Airbus A320,194,171,752571,38890
FL00729,PNQ-CCU,PNQ,CCU,2026-03-06,95,Airbus A321,128,54,423522,30350
FL00730,BLR-PNQ,BLR,PNQ,2025-07-24,141,Boeing 737,88,70,730520,35561
FL00731,AMD-MAA,AMD,MAA,2026-09-17,161,Boeing 737,169,135,639090,59958
FL00732,CCU-MAA,CCU,MAA,2025-07-27,130,Boeing 737,78,76,264252,33722
FL00733,DEL-GOI,DEL,GOI,2026-04-15,152,Boeing 737,157,68,498780,60488
FL00734,JAI-AMD,JAI,AMD,2026-08-15,186,Boeing 737,92,66,729168,57990
FL00735,JAI-PNQ,JAI,PNQ,2026-04-19,116,Airbus A320,179,103,675680,57737
FL00736,JAI-BLR,JAI,BLR,2026-08-29,83,Boeing 787,71,66,212784,24990
FL00737,GOI-BOM,GOI,BOM,2026-03-12,180,ATR 72,192,65,644280,71352
FL00738,DEL-JAI,DEL,JAI,2025-01-13,222,ATR 72,125,56,468832,60915
FL00739,DEL-BOM,DEL,BOM,2026-05-07,216,Airbus A321,111,98,1160810,67650
FL00740,PNQ-GOI,PNQ,GOI,2025-05-22,225,ATR 72,117,87,879309,95814
FL00741,BOM-AMD,BOM,AMD,2026-01-30,221,Airbus A321,205,48,353232,81154
FL00742,JAI-GOI,JAI,GOI,2026-08-13,98,Airbus A320,155,134,455332,51413
FL00743,BOM-AMD,BOM,AMD,2026-01-28,138,ATR 72,80,63,535689,42232
FL00744,GOI-DEL,GOI,DEL,2026-07-29,226,Boeing 737,105,82,525538,69753
FL00745,PNQ-BLR,PNQ,BLR,2025-08-19,127,Airbus A321,138,104,980616,36964
FL00746,DEL-HYD,DEL,HYD,2025-12-20,160,ATR 72,198,174,784740,81168
FL00747,GOI-MAA,GOI,MAA,2026-04-08,203,Airbus A321,86,52,520052,37426
FL00748,HYD-AMD,HYD,AMD,2025-10-23,64,Airbus A320,112,75,325125,32176
FL00749,PNQ-AMD,PNQ,AMD,2025-07-29,178,Airbus A320,145,93,1057410,56379
FL00750,CCU-PNQ,CCU,PNQ,2026-03-31,233,Airbus A320,144,64,225984,49141
FL00751,GOI-CCU,GOI,CCU,2026-02-26,193,Airbus A321,153,102,1140972,79709
FL00752,PNQ-MAA,PNQ,MAA,2026-08-04,78,Airbus A321,113,73,453695,38729
FL00753,MAA-BOM,MAA,BOM,2025-06-01,135,Airbus A321,186,82,420988,63153
FL00754,AMD-BLR,AMD,BLR,2026-12-27,222,Boeing 737,111,70,309050,46731
FL00755,JAI-AMD,JAI,AMD,2026-03-28,111,Airbus A321,117,66,773190,43458
FL00756,CCU-HYD,CCU,HYD,2025-06-01,140,ATR 72,208,81,910683,50668
FL00757,BOM-PNQ,BOM,PNQ,2026-05-27,82,ATR 72,151,59,151630,52797
FL00758,CCU-MAA,CCU,MAA,2026-05-01,119,Boeing 787,107,96,772704,46780
FL00759,PNQ-BOM,PNQ,BOM,2025-05-23,218,Boeing 787,99,59,171454,71958
FL00760,BLR-GOI,BLR,GOI,2026-01-01,68,Airbus A321,84,78,444366,36268
FL00761,BLR-CCU,BLR,CCU,2025-07-20,50,Airbus A320,207,154,605374,49810
FL00762,BLR-GOI,BLR,GOI,2025-11-22,199,Boeing 787,200,54,454410,67379
FL00763,HYD-CCU,HYD,CCU,2026-01-31,140,Airbus A320,142,84,693504,55268
FL00764,GOI-DEL,GOI,DEL,2025-08-09,231,ATR 72,176,153,1105884,70279
FL00765,HYD-AMD,HYD,AMD,2026-08-25,198,Airbus A320,106,66,492888,70402
FL00766,CCU-DEL,CCU,DEL,2026-08-28,238,ATR 72,92,40,368320,81062
FL00767,HYD-AMD,HYD,AMD,2026-07-24,163,Boeing 787,105,65,360555,51541
FL00768,GOI-PNQ,GOI,PNQ,2025-02-13,122,Boeing 787,147,103,1201289,49175
FL00769,BOM-DEL,BOM,DEL,2025-06-07,112,Airbus A321,190,71,512123,49062
FL00770,PNQ-BLR,PNQ,BLR,2025-01-30,75,Airbus A321,196,57,480339,59888
FL00771,JAI-HYD,JAI,HYD,2025-09-22,205,ATR 72,100,63,686511,63135
FL00772,MAA-AMD,MAA,AMD,2026-08-19,59,Boeing 737,151,99,467181,30720
FL00773,BOM-CCU,BOM,CCU,2026-01-05,152,Airbus A321,82,58,422124,58686
FL00774,DEL-JAI,DEL,JAI,2025-07-18,205,Boeing 737,94,78,408564,68323
FL00775,CCU-MAA,CCU,MAA,2025-10-05,220,Airbus A321,94,74,611314,42122
FL00776,AMD-JAI,AMD,JAI,2025-10-16,140,ATR 72,175,127,656717,44065
FL00777,AMD-JAI,AMD,JAI,2025-08-15,93,Boeing 787,204,176,2029104,50043
FL00778,HYD-GOI,HYD,GOI,2025-03-20,74,Boeing 737,74,70,574350,27454
FL00779,AMD-GOI,AMD,GOI,2026-09-04,178,Airbus A321,114,78,231738,42204
FL00780,AMD-BLR,AMD,BLR,2026-12-06,103,Airbus A321,102,53,245549,33596
FL00781,DEL-AMD,DEL,AMD,2025-01-20,168,ATR 72,80,52,221832,41344
FL00782,GOI-BOM,GOI,BOM,2026-04-26,75,Airbus A321,81,44,327448,28392
FL00783,DEL-AMD,DEL,AMD,2026-09-09,97,Boeing 787,121,63,520317,24782
FL00784,AMD-CCU,AMD,CCU,2026-08-17,134,Airbus A321,111,104,672048,58341
FL00785,DEL-AMD,DEL,AMD,2026-08-16,240,Airbus A320,205,95,535610,71295
FL00786,GOI-BOM,GOI,BOM,2025-04-12,99,Boeing 787,191,133,735889,43405
FL00787,AMD-HYD,AMD,HYD,2026-01-24,153,Boeing 737,201,98,899346,54804
FL00788,DEL-GOI,DEL,GOI,2025-04-23,178,Boeing 737,196,132,953436,64276
FL00789,DEL-HYD,DEL,HYD,2026-05-21,74,ATR 72,142,98,745878,49236
FL00790,BLR-JAI,BLR,JAI,2026-02-22,119,ATR 72,118,48,494064,55399
FL00791,AMD-BOM,AMD,BOM,2026-11-22,170,Airbus A320,171,152,1681576,66231
FL00792,DEL-BLR,DEL,BLR,2026-02-09,147,Boeing 787,96,87,457968,36600
FL00793,BLR-HYD,BLR,HYD,2025-07-25,197,ATR 72,101,54,510732,63910
FL00794,JAI-MAA,JAI,MAA,2026-10-22,147,Airbus A321,191,143,1492634,65591
FL00795,AMD-GOI,AMD,GOI,2025-04-21,76,Airbus A321,195,167,1048927,43510
FL00796,BOM-AMD,BOM,AMD,2025-02-24,62,ATR 72,76,51,447219,29376
FL00797,AMD-CCU,AMD,CCU,2026-09-29,204,Airbus A320,89,82,903476,67895
FL00798,BLR-CCU,BLR,CCU,2026-11-09,172,ATR 72,199,106,1207022,78986
FL00799,GOI-BOM,GOI,BOM,2025-02-02,155,Airbus A320,168,155,1186215,65904
FL00800,PNQ-BOM,PNQ,BOM,2025-02-03,90,Boeing 787,147,130,674570,49980
FL00801,AMD-CCU,AMD,CCU,2026-02-03,169,Airbus A320,215,212,2233844,96187
FL00802,GOI-PNQ,GOI,PNQ,2026-05-03,188,Boeing 737,199,54,481248,76150
FL00803,JAI-HYD,JAI,HYD,2026-09-24,218,Airbus A321,142,81,283986,60488
FL00804,BOM-BLR,BOM,BLR,2026-01-11,134,Boeing 787,76,61,532835,33660
FL00805,CCU-HYD,CCU,HYD,2026-02-26,134,Airbus A320,132,71,450424,59178
FL00806,JAI-DEL,JAI,DEL,2026-12-06,61,Airbus A321,99,61,322141,29108
FL00807,CCU-BOM,CCU,BOM,2026-04-17,213,ATR 72,215,171,1607400,58319
FL00808,PNQ-BOM,PNQ,BOM,2025-11-21,141,Boeing 787,169,122,1449360,55090
FL00809,DEL-MAA,DEL,MAA,2025-12-11,172,Boeing 787,156,61,451827,66432
FL00810,BLR-GOI,BLR,GOI,2026-10-13,64,Boeing 787,124,76,520144,27792
FL00811,JAI-HYD,JAI,HYD,2025-08-20,204,Airbus A320,218,64,513152,59702
FL00812,JAI-GOI,JAI,GOI,2026-05-02,154,Boeing 737,158,141,529596,68850
FL00813,GOI-MAA,GOI,MAA,2026-03-20,214,Boeing 787,150,65,603720,69108
FL00814,JAI-GOI,JAI,GOI,2026-04-10,216,Boeing 787,116,42,460194,62404
FL00815,PNQ-BLR,PNQ,BLR,2026-11-08,235,ATR 72,138,121,1358588,91453
FL00816,JAI-BOM,JAI,BOM,2026-06-19,96,Airbus A321,188,77,495726,44496
FL00817,HYD-PNQ,HYD,PNQ,2025-11-23,61,Boeing 737,175,108,777816,38560
FL00818,MAA-BLR,MAA,BLR,2026-02-20,106,Airbus A320,108,64,188992,36464
FL00819,PNQ-GOI,PNQ,GOI,2026-07-28,156,ATR 72,79,52,265720,38490
FL00820,BOM-CCU,BOM,CCU,2025-10-12,213,Boeing 787,115,45,470700,37435
FL00821,DEL-HYD,DEL,HYD,2026-09-09,121,Airbus A320,174,133,529207,46751
FL00822,BLR-DEL,BLR,DEL,2026-08-08,233,Boeing 787,100,73,810665,63572
FL00823,DEL-MAA,DEL,MAA,2026-09-07,76,Airbus A321,154,146,1297648,42632
FL00824,BLR-AMD,BLR,AMD,2025-04-20,89,Boeing 737,140,96,882240,48665
FL00825,BOM-GOI,BOM,GOI,2026-07-01,140,Airbus A320,151,109,1029287,55333
FL00826,MAA-AMD,MAA,AMD,2026-01-07,166,Airbus A321,148,42,128940,61738
FL00827,BLR-CCU,BLR,CCU,2026-07-20,143,Airbus A321,162,155,697345,59288
FL00828,PNQ-HYD,PNQ,HYD,2025-01-09,145,Airbus A321,147,51,324207,47971
FL00829,AMD-GOI,AMD,GOI,2026-10-09,126,ATR 72,78,57,217284,46470
FL00830,HYD-CCU,HYD,CCU,2026-03-09,70,Boeing 737,136,104,373048,40132
FL00831,JAI-GOI,JAI,GOI,2025-12-01,161,Airbus A320,83,81,446310,61260
FL00832,AMD-BOM,AMD,BOM,2026-02-15,96,Airbus A321,150,113,434711,32208
FL00833,BLR-JAI,BLR,JAI,2027-01-01,211,Boeing 737,175,121,1197537,71012
FL00834,MAA-AMD,MAA,AMD,2026-12-05,196,Airbus A321,142,65,252330,69004
FL00835,AMD-PNQ,AMD,PNQ,2026-01-22,191,Boeing 737,75,41,477650,72135
FL00836,BLR-DEL,BLR,DEL,2026-04-19,95,Airbus A321,113,46,417220,47767
FL00837,JAI-MAA,JAI,MAA,2025-06-02,67,Airbus A321,113,112,495264,32423
FL00838,HYD-GOI,HYD,GOI,2026-11-21,171,Airbus A320,127,66,370986,51579
FL00839,PNQ-HYD,PNQ,HYD,2025-05-14,155,Boeing 737,125,76,425752,50935
FL00840,HYD-AMD,HYD,AMD,2025-01-30,119,Airbus A321,130,119,1176672,44397
FL00841,JAI-PNQ,JAI,PNQ,2025-03-29,47,ATR 72,104,81,730053,27801
FL00842,HYD-PNQ,HYD,PNQ,2026-09-04,110,Airbus A320,94,75,259650,30140
FL00843,BLR-GOI,BLR,GOI,2025-12-29,200,Boeing 787,81,40,266200,69078
FL00844,HYD-MAA,HYD,MAA,2026-02-09,216,Airbus A321,103,45,244710,52845
FL00845,GOI-PNQ,GOI,PNQ,2025-12-14,164,Boeing 737,92,60,671400,48392
FL00846,MAA-DEL,MAA,DEL,2025-11-17,56,Boeing 737,197,111,933177,42824
FL00847,MAA-CCU,MAA,CCU,2026-06-14,125,ATR 72,112,80,843920,44614
FL00848,PNQ-BOM,PNQ,BOM,2025-07-13,83,Airbus A320,128,63,194481,38608
FL00849,AMD-GOI,AMD,GOI,2026-03-23,74,ATR 72,80,68,567188,35782
FL00850,PNQ-GOI,PNQ,GOI,2025-04-26,229,Boeing 737,101,62,250046,54740
FL00851,AMD-BLR,AMD,BLR,2026-06-05,114,Boeing 787,219,94,241298,78450
FL00852,AMD-PNQ,AMD,PNQ,2025-03-20,108,ATR 72,94,61,178425,31170
FL00853,HYD-CCU,HYD,CCU,2026-08-28,72,Airbus A321,109,43,164604,44096
FL00854,PNQ-GOI,PNQ,GOI,2026-10-06,113,Boeing 787,71,61,196298,49400
FL00855,PNQ-CCU,PNQ,CCU,2026-08-06,78,Boeing 737,82,81,577935,23464
FL00856,DEL-JAI,DEL,JAI,2026-09-09,142,Airbus A320,172,105,568680,57006
FL00857,DEL-BOM,DEL,BOM,2025-08-02,86,ATR 72,173,112,562800,39888
FL00858,PNQ-HYD,PNQ,HYD,2025-11-14,220,Boeing 787,103,85,346290,68813
FL00859,BLR-GOI,BLR,GOI,2026-04-02,144,ATR 72,138,112,1056272,46536
FL00860,CCU-AMD,CCU,AMD,2026-03-21,206,ATR 72,93,42,458220,61056
FL00861,BLR-AMD,BLR,AMD,2026-05-23,179,Boeing 787,91,58,589918,50449
FL00862,PNQ-MAA,PNQ,MAA,2025-06-02,77,Airbus A321,133,106,1007742,44940
FL00863,BOM-JAI,BOM,JAI,2025-03-20,56,Boeing 787,97,72,681192,22688
FL00864,PNQ-MAA,PNQ,MAA,2025-12-30,110,Boeing 787,90,89,956572,23450
FL00865,PNQ-AMD,PNQ,AMD,2025-07-06,145,Airbus A320,91,66,486816,49930
FL00866,PNQ-GOI,PNQ,GOI,2026-10-01,112,Airbus A321,117,67,370644,43058
FL00867,MAA-DEL,MAA,DEL,2026-03-21,181,Airbus A320,71,65,286715,30996
FL00868,PNQ-GOI,PNQ,GOI,2026-12-10,148,Boeing 787,194,117,983970,78922
FL00869,MAA-DEL,MAA,DEL,2025-05-09,79,Airbus A320,118,54,149040,38646
FL00870,BOM-MAA,BOM,MAA,2026-05-08,211,Boeing 737,131,95,1075780,48810
FL00871,MAA-GOI,MAA,GOI,2025-06-01,166,ATR 72,75,47,245387,40869
FL00872,PNQ-GOI,PNQ,GOI,2025-01-21,160,Boeing 787,132,65,476450,66160
FL00873,BOM-HYD,BOM,HYD,2025-01-09,71,ATR 72,176,166,1988680,58208
FL00874,MAA-BOM,MAA,BOM,2026-05-15,147,ATR 72,201,191,2004163,45408
FL00875,GOI-BOM,GOI,BOM,2026-03-09,192,Airbus A321,211,56,385728,93966
FL00876,PNQ-DEL,PNQ,DEL,2026-05-22,204,Airbus A321,184,151,428840,60996
FL00877,BLR-GOI,BLR,GOI,2025-12-19,157,Boeing 737,199,96,773376,92370
FL00878,PNQ-AMD,PNQ,AMD,2025-10-28,230,ATR 72,176,132,1351416,79094
FL00879,BLR-CCU,BLR,CCU,2026-12-09,236,Airbus A320,193,73,389747,63516
FL00880,JAI-PNQ,JAI,PNQ,2025-04-14,151,ATR 72,147,70,415170,53086
FL00881,BOM-HYD,BOM,HYD,2025-09-25,136,Boeing 737,114,104,314392,37420
FL00882,HYD-DEL,HYD,DEL,2026-09-25,103,Airbus A320,213,97,1015396,54729
FL00883,CCU-BOM,CCU,BOM,2026-07-25,113,Boeing 737,201,194,815964,52392
FL00884,PNQ-GOI,PNQ,GOI,2025-04-24,72,Boeing 787,96,92,1077780,29424
FL00885,DEL-BLR,DEL,BLR,2026-10-08,75,Boeing 737,162,60,437160,51333
FL00886,PNQ-DEL,PNQ,DEL,2025-06-07,210,Airbus A321,155,144,685008,52015
FL00887,PNQ-HYD,PNQ,HYD,2025-01-07,107,ATR 72,157,76,818824,33298
FL00888,MAA-HYD,MAA,HYD,2026-03-01,137,Boeing 737,108,107,1006763,36806
FL00889,HYD-PNQ,HYD,PNQ,2026-02-24,162,Boeing 787,162,160,477920,56700
FL00890,BOM-JAI,BOM,JAI,2025-03-13,66,Airbus A321,150,91,472472,29496
FL00891,HYD-BOM,HYD,BOM,2026-11-08,209,Boeing 737,217,54,594864,81334
FL00892,HYD-JAI,HYD,JAI,2025-11-08,229,Airbus A321,158,41,290403,95683
FL00893,AMD-PNQ,AMD,PNQ,2026-04-02,209,Boeing 737,209,199,1939056,97394
FL00894,HYD-BLR,HYD,BLR,2025-11-05,66,Airbus A320,207,125,1111125,54123
FL00895,GOI-MAA,GOI,MAA,2025-08-07,68,Boeing 787,211,119,1313879,65138
FL00896,AMD-BOM,AMD,BOM,2025-01-29,183,Boeing 787,136,70,523530,70148
FL00897,DEL-BOM,DEL,BOM,2026-01-17,111,Boeing 787,160,55,180510,49506
FL00898,PNQ-MAA,PNQ,MAA,2026-08-10,233,Airbus A320,186,126,802368,104108
FL00899,GOI-BLR,GOI,BLR,2025-12-25,121,Airbus A321,216,212,1016116,72144
FL00900,BLR-DEL,BLR,DEL,2025-12-02,177,Boeing 787,119,86,855098,39588
FL00901,HYD-PNQ,HYD,PNQ,2025-03-25,68,Airbus A320,178,73,752046,46364
FL00902,DEL-HYD,DEL,HYD,2026-11-25,179,ATR 72,220,183,2013366,71899
FL00903,JAI-PNQ,JAI,PNQ,2026-10-14,153,ATR 72,195,146,754528,64623
FL00904,AMD-GOI,AMD,GOI,2026-12-30,162,Boeing 737,201,175,775950,75048
FL00905,PNQ-GOI,PNQ,GOI,2025-02-03,236,Boeing 737,213,134,595630,103856
FL00906,DEL-AMD,DEL,AMD,2026-01-14,191,Airbus A321,80,73,365803,42650
FL00907,MAA-HYD,MAA,HYD,2025-11-07,120,ATR 72,77,49,236572,46799
FL00908,BOM-CCU,BOM,CCU,2025-10-18,100,Boeing 737,195,40,180160,58955
FL00909,DEL-BOM,DEL,BOM,2026-03-04,168,Boeing 787,149,112,1110032,60832
FL00910,PNQ-AMD,PNQ,AMD,2025-05-22,174,ATR 72,185,154,760760,54192
FL00911,JAI-HYD,JAI,HYD,2026-02-01,104,ATR 72,156,109,354250,60372
FL00912,MAA-DEL,MAA,DEL,2025-06-19,226,Airbus A320,216,201,1519560,112358
FL00913,DEL-JAI,DEL,JAI,2025-03-29,94,Boeing 787,208,187,629442,69214
FL00914,BLR-GOI,BLR,GOI,2026-05-30,49,Airbus A320,206,86,241660,36502
FL00915,BLR-GOI,BLR,GOI,2025-03-28,181,Boeing 787,152,91,294567,57265
FL00916,CCU-PNQ,CCU,PNQ,2025-07-04,151,Airbus A320,205,121,1059718,49050
FL00917,DEL-AMD,DEL,AMD,2026-07-09,88,Airbus A321,106,63,421281,25110
FL00918,MAA-PNQ,MAA,PNQ,2026-11-26,88,Airbus A320,153,63,185535,35660
FL00919,HYD-DEL,HYD,DEL,2025-11-24,81,ATR 72,152,73,631596,26286
FL00920,BLR-MAA,BLR,MAA,2026-09-04,195,Boeing 737,196,170,1829880,63874
FL00921,MAA-BOM,MAA,BOM,2025-11-22,163,Boeing 787,174,56,584192,52717
FL00922,BLR-BOM,BLR,BOM,2025-10-03,186,Boeing 787,95,55,637340,63836
FL00923,MAA-PNQ,MAA,PNQ,2026-04-02,66,Boeing 787,122,58,499728,32034
FL00924,BLR-JAI,BLR,JAI,2026-03-10,187,ATR 72,80,40,404480,64306
FL00925,AMD-BOM,AMD,BOM,2025-03-03,168,Airbus A321,134,127,1108456,67406
FL00926,BLR-JAI,BLR,JAI,2025-10-16,56,Boeing 737,206,184,670680,31988
FL00927,HYD-DEL,HYD,DEL,2025-05-24,230,Boeing 787,141,95,565630,92949
FL00928,CCU-HYD,CCU,HYD,2026-10-13,111,ATR 72,139,71,551599,41464
FL00929,PNQ-CCU,PNQ,CCU,2025-01-17,222,Boeing 737,70,59,608113,32602
FL00930,AMD-PNQ,AMD,PNQ,2026-07-24,223,ATR 72,170,60,226200,72101
FL00931,PNQ-DEL,PNQ,DEL,2025-12-28,141,Boeing 787,161,89,480867,55220
FL00932,DEL-GOI,DEL,GOI,2026-01-15,94,ATR 72,72,54,152496,30266
FL00933,BLR-DEL,BLR,DEL,2026-09-21,205,Airbus A321,126,69,730710,54674
FL00934,MAA-GOI,MAA,GOI,2026-12-22,225,Boeing 787,123,40,228480,85938
FL00935,DEL-CCU,DEL,CCU,2026-08-06,173,ATR 72,113,110,624140,75136
FL00936,JAI-AMD,JAI,AMD,2025-03-08,195,Boeing 737,86,48,324144,63543
FL00937,GOI-MAA,GOI,MAA,2025-07-16,218,Airbus A320,206,197,1308671,110030
FL00938,PNQ-BOM,PNQ,BOM,2026-03-14,209,Airbus A320,152,95,870770,56582
FL00939,GOI-PNQ,GOI,PNQ,2026-05-23,137,Boeing 787,81,54,176526,41314
FL00940,GOI-PNQ,GOI,PNQ,2025-11-20,46,ATR 72,119,82,314880,22470
FL00941,BLR-PNQ,BLR,PNQ,2025-03-18,108,Boeing 737,112,82,622544,41568
FL00942,DEL-BOM,DEL,BOM,2026-05-07,155,Airbus A320,155,147,970494,44950
FL00943,PNQ-BLR,PNQ,BLR,2025-12-15,58,Airbus A321,203,100,369400,64148
FL00944,PNQ-DEL,PNQ,DEL,2026-10-03,159,Boeing 787,101,45,157230,38128
FL00945,CCU-DEL,CCU,DEL,2025-05-11,60,ATR 72,84,59,564925,17064
FL00946,BOM-JAI,BOM,JAI,2025-02-23,120,ATR 72,172,64,591040,61556
FL00947,JAI-BOM,JAI,BOM,2026-04-10,143,ATR 72,179,65,524160,56292
FL00948,PNQ-JAI,PNQ,JAI,2025-12-03,195,Boeing 737,97,46,124246,62449
FL00949,JAI-BLR,JAI,BLR,2026-08-10,77,Boeing 787,135,85,798745,50841
FL00950,PNQ-AMD,PNQ,AMD,2025-09-06,80,Airbus A320,85,48,365088,37755
FL00951,GOI-CCU,GOI,CCU,2025-11-15,194,Boeing 787,107,58,591136,63644
FL00952,CCU-MAA,CCU,MAA,2026-01-13,47,Boeing 787,220,208,1012752,37098
FL00953,GOI-JAI,GOI,JAI,2025-02-25,153,Airbus A321,120,65,376805,41001
FL00954,BLR-GOI,BLR,GOI,2026-12-13,222,ATR 72,154,149,1784424,84018
FL00955,JAI-MAA,JAI,MAA,2026-03-05,129,Boeing 737,96,69,220179,44790
FL00956,BOM-MAA,BOM,MAA,2026-12-11,103,ATR 72,124,70,726320,42836
FL00957,BLR-PNQ,BLR,PNQ,2025-07-08,46,Airbus A321,72,44,367972,21826
FL00958,DEL-BLR,DEL,BLR,2025-10-25,157,Boeing 737,219,132,424908,48409
FL00959,BLR-CCU,BLR,CCU,2025-06-28,101,Airbus A321,114,83,961555,32632
FL00960,BLR-BOM,BLR,BOM,2025-06-30,112,Airbus A320,75,48,417984,40244
FL00961,CCU-BLR,CCU,BLR,2025-11-09,161,Boeing 737,164,143,1229800,66701
FL00962,GOI-HYD,GOI,HYD,2026-12-30,61,Airbus A320,106,56,313992,33205
FL00963,HYD-CCU,HYD,CCU,2025-11-22,198,ATR 72,132,45,251910,71346
FL00964,AMD-HYD,AMD,HYD,2025-09-11,58,Airbus A321,102,94,1017738,36512
FL00965,BLR-DEL,BLR,DEL,2026-04-27,214,Boeing 787,86,50,541650,67936
FL00966,GOI-CCU,GOI,CCU,2026-05-26,177,ATR 72,115,81,698625,68303
FL00967,PNQ-GOI,PNQ,GOI,2025-10-02,193,ATR 72,219,206,638394,63173
FL00968,BLR-GOI,BLR,GOI,2025-08-29,146,Boeing 737,148,94,815732,56596
FL00969,CCU-MAA,CCU,MAA,2026-07-18,66,Boeing 737,91,58,567356,32102
FL00970,BLR-BOM,BLR,BOM,2026-04-22,176,Boeing 787,156,94,929754,71704
FL00971,HYD-CCU,HYD,CCU,2026-05-25,126,Airbus A321,167,46,250332,52571
FL00972,MAA-DEL,MAA,DEL,2026-01-03,66,Airbus A321,198,171,1958976,38544
FL00973,MAA-BLR,MAA,BLR,2025-04-11,75,Airbus A320,162,44,503624,39555
FL00974,BLR-HYD,BLR,HYD,2025-09-14,122,Airbus A321,118,117,556686,48826
FL00975,BOM-CCU,BOM,CCU,2025-10-16,133,ATR 72,173,43,440019,74674
FL00976,AMD-PNQ,AMD,PNQ,2025-08-22,103,Boeing 737,191,99,1084149,70021
FL00977,PNQ-GOI,PNQ,GOI,2025-12-15,66,Airbus A321,118,94,878242,34074
FL00978,PNQ-JAI,PNQ,JAI,2025-01-31,140,Boeing 737,217,72,540432,61999
FL00979,CCU-HYD,CCU,HYD,2025-08-19,152,ATR 72,173,116,909672,55745
FL00980,JAI-BOM,JAI,BOM,2025-05-23,84,Airbus A321,215,201,2392302,56535
FL00981,BLR-PNQ,BLR,PNQ,2025-03-07,181,ATR 72,118,100,427900,63474
FL00982,PNQ-MAA,PNQ,MAA,2025-04-06,88,Airbus A320,211,85,257125,75422
FL00983,PNQ-BOM,PNQ,BOM,2025-07-11,95,Airbus A320,168,112,657776,42877
FL00984,GOI-DEL,GOI,DEL,2026-04-11,59,Airbus A321,202,42,223230,49347
FL00985,HYD-AMD,HYD,AMD,2025-04-24,78,Boeing 787,177,162,587412,40446
FL00986,AMD-MAA,AMD,MAA,2025-11-14,155,ATR 72,110,79,460175,60110
FL00987,MAA-BLR,MAA,BLR,2025-01-08,81,ATR 72,86,65,425360,34678
FL00988,JAI-PNQ,JAI,PNQ,2026-04-17,163,Boeing 787,80,45,324765,62135
FL00989,CCU-MAA,CCU,MAA,2026-02-05,201,Boeing 737,176,103,560526,89318
FL00990,PNQ-HYD,PNQ,HYD,2026-11-06,91,Boeing 787,94,65,208975,27751
FL00991,MAA-JAI,MAA,JAI,2025-10-26,215,Airbus A320,125,103,951514,69990
FL00992,CCU-DEL,CCU,DEL,2025-04-18,174,Airbus A321,174,155,806000,55158
FL00993,GOI-BOM,GOI,BOM,2026-04-19,51,Airbus A320,188,137,1113810,35574
FL00994,HYD-BOM,HYD,BOM,2025-01-11,109,Airbus A320,104,81,818586,47188
FL00995,DEL-AMD,DEL,AMD,2026-07-16,213,Boeing 737,182,75,765975,62705
FL00996,AMD-BOM,AMD,BOM,2026-09-14,70,Boeing 737,145,55,619245,33235
FL00997,DEL-BOM,DEL,BOM,2026-11-25,114,Boeing 737,182,131,709365,35966
FL00998,GOI-BLR,GOI,BLR,2026-03-29,223,Airbus A320,203,66,587334,98082
FL00999,PNQ-BOM,PNQ,BOM,2026-09-05,46,Airbus A320,166,138,801090,37468
FL01000,BLR-MAA,BLR,MAA,2025-04-04,49,ATR 72,77,40,320920,15673
